ticker,date,surprise
JPM,2026-04-14 06:00:00-04:00,0.07780000000000001
JPM,2026-01-13 06:00:00-05:00,-0.0391
JPM,2025-10-14 06:00:00-04:00,0.0401
JPM,2025-07-15 06:00:00-04:00,0.10619999999999999
JPM,2025-04-11 06:00:00-04:00,0.0915
JPM,2025-01-15 06:00:00-05:00,0.1918
JPM,2024-10-11 06:00:00-04:00,0.09630000000000001
JPM,2024-07-12 06:00:00-04:00,0.2016
JPM,2024-04-12 06:00:00-04:00,0.07400000000000001
JPM,2024-01-12 06:00:00-05:00,-0.1565
JPM,2023-10-13 06:00:00-04:00,0.0901
JPM,2023-07-14 06:00:00-04:00,0.2646
JPM,2023-04-14 06:00:00-04:00,0.2169
JPM,2023-01-13 06:00:00-05:00,0.15039999999999998
JPM,2022-10-14 06:00:00-04:00,0.0944
JPM,2022-07-14 06:00:00-04:00,-0.047599999999999996
JPM,2022-04-13 06:00:00-04:00,-0.0285
JPM,2022-01-14 06:00:00-05:00,0.0973
JPM,2021-10-13 06:00:00-04:00,0.18309999999999998
JPM,2021-07-13 06:00:00-04:00,0.19079999999999997
JPM,2021-04-14 06:00:00-04:00,0.49979999999999997
JPM,2021-01-15 06:00:00-05:00,0.15810000000000002
JPM,2020-10-13 06:00:00-04:00,0.3823
JPM,2020-07-14 06:00:00-04:00,-0.10439999999999999
GS,2026-04-13 07:00:00-04:00,0.0706
GS,2026-01-15 07:00:00-05:00,0.1909
GS,2025-10-14 07:00:00-04:00,0.10490000000000001
GS,2025-07-16 07:00:00-04:00,0.1291
GS,2025-04-14 07:00:00-04:00,0.14880000000000002
GS,2025-01-15 07:00:00-05:00,0.431
GS,2024-10-15 07:00:00-04:00,0.2133
GS,2024-07-15 07:00:00-04:00,0.0014000000000000002
GS,2024-04-15 07:00:00-04:00,0.331
GS,2024-01-16 07:00:00-05:00,0.2833
GS,2023-10-17 07:00:00-04:00,-0.0102
GS,2023-07-19 07:00:00-04:00,-0.1955
GS,2023-04-18 07:00:00-04:00,0.0907
GS,2023-01-17 07:00:00-05:00,-0.4339
GS,2022-10-18 07:00:00-04:00,0.0973
GS,2022-07-18 07:00:00-04:00,0.1782
GS,2022-04-14 07:00:00-04:00,0.16920000000000002
GS,2022-01-18 07:00:00-05:00,-0.09369999999999999
GS,2021-10-15 08:00:00-04:00,0.4914
GS,2021-07-13 07:00:00-04:00,0.4752
GS,2021-04-14 07:00:00-04:00,0.8663
GS,2021-01-19 07:00:00-05:00,0.6681999999999999
GS,2020-10-14 07:00:00-04:00,0.7805
GS,2020-07-15 07:00:00-04:00,-0.868
BAC,2026-04-15 06:00:00-04:00,0.0889
BAC,2026-01-14 06:00:00-05:00,0.0269
BAC,2025-10-15 06:00:00-04:00,0.1143
BAC,2025-07-16 06:00:00-04:00,0.0361
BAC,2025-04-15 06:00:00-04:00,0.10289999999999999
BAC,2025-01-16 06:00:00-05:00,0.0684
BAC,2024-10-15 06:00:00-04:00,0.0634
BAC,2024-07-16 06:00:00-04:00,0.0358
BAC,2024-04-16 06:00:00-04:00,-0.0184
BAC,2024-01-12 06:00:00-05:00,-0.45640000000000003
BAC,2023-10-17 06:00:00-04:00,0.1005
BAC,2023-07-18 06:00:00-04:00,0.0487
BAC,2023-04-18 06:00:00-04:00,0.1393
BAC,2023-01-13 06:00:00-05:00,0.1057
BAC,2022-10-17 06:00:00-04:00,0.0492
BAC,2022-07-18 06:00:00-04:00,-0.0206
BAC,2022-04-18 06:00:00-04:00,0.07490000000000001
BAC,2022-01-19 06:00:00-05:00,0.0818
BAC,2021-10-14 06:00:00-04:00,0.21600000000000003
BAC,2021-07-14 06:00:00-04:00,0.35479999999999995
BAC,2021-04-15 12:00:00-04:00,0.3286
BAC,2021-01-19 06:00:00-05:00,0.09380000000000001
BAC,2020-10-14 06:00:00-04:00,0.0239
BAC,2020-07-16 06:00:00-04:00,0.3018
C,2026-04-14 08:00:00-04:00,0.1791
C,2026-01-14 08:00:00-05:00,-0.2343
C,2025-10-14 08:00:00-04:00,0.1744
C,2025-07-15 08:00:00-04:00,0.2826
C,2025-04-15 08:00:00-04:00,0.0593
C,2025-01-15 08:00:00-05:00,0.087
C,2024-10-15 08:00:00-04:00,0.1576
C,2024-07-12 08:00:00-04:00,0.1158
C,2024-04-12 10:00:00-04:00,0.41
C,2024-01-12 10:00:00-05:00,0.2141
C,2023-10-12 20:00:00-04:00,0.242
C,2023-07-14 09:00:00-04:00,-0.0091
C,2023-04-14 09:00:00-04:00,0.09300000000000001
C,2023-01-13 08:00:00-05:00,-0.039
C,2022-10-14 08:00:00-04:00,0.14279999999999998
C,2022-07-15 08:00:00-04:00,0.37479999999999997
C,2022-04-14 08:00:00-04:00,0.435
C,2022-01-14 08:00:00-05:00,-0.10300000000000001
C,2021-10-14 09:00:00-04:00,0.2043
C,2021-07-14 08:00:00-04:00,0.502
C,2021-04-15 08:00:00-04:00,0.4303
C,2021-01-15 07:00:00-05:00,0.5804
C,2020-10-13 08:00:00-04:00,0.6038
C,2020-07-14 09:00:00-04:00,0.5807
WFC,2026-04-14 06:00:00-04:00,-0.026699999999999998
WFC,2026-01-14 06:00:00-05:00,-0.0285
WFC,2025-10-14 06:00:00-04:00,0.1232
WFC,2025-07-15 06:00:00-04:00,0.10189999999999999
WFC,2025-04-11 06:00:00-04:00,0.047
WFC,2025-01-15 06:00:00-05:00,0.0978
WFC,2024-10-11 06:00:00-04:00,0.1808
WFC,2024-07-12 06:00:00-04:00,0.0509
WFC,2024-04-12 06:00:00-04:00,0.157
WFC,2024-01-12 06:00:00-05:00,0.1955
WFC,2023-10-13 06:00:00-04:00,0.1962
WFC,2023-07-14 06:00:00-04:00,0.08869999999999999
WFC,2023-04-14 06:00:00-04:00,0.0786
WFC,2023-01-13 06:00:00-05:00,0.27690000000000003
WFC,2022-10-14 06:00:00-04:00,0.19149999999999998
WFC,2022-07-15 06:00:00-04:00,0.0281
WFC,2022-04-14 06:00:00-04:00,0.0926
WFC,2022-01-14 06:00:00-05:00,0.2511
WFC,2021-10-14 06:00:00-04:00,0.2919
WFC,2021-07-14 07:00:00-04:00,0.4731
WFC,2021-04-14 08:00:00-04:00,0.5077
WFC,2021-01-15 07:00:00-05:00,0.1331
WFC,2020-10-14 07:00:00-04:00,0.5575
WFC,2020-07-14 08:00:00-04:00,-2.7191
MS,2026-04-15 07:00:00-04:00,0.1366
MS,2026-01-15 07:00:00-05:00,0.10550000000000001
MS,2025-10-15 07:00:00-04:00,0.3532
MS,2025-07-16 07:00:00-04:00,0.0859
MS,2025-04-11 07:00:00-04:00,0.1859
MS,2025-01-16 08:00:00-05:00,0.314
MS,2024-10-16 07:00:00-04:00,0.18960000000000002
MS,2024-07-16 07:00:00-04:00,0.09949999999999999
MS,2024-04-16 07:00:00-04:00,0.2159
MS,2024-01-16 07:00:00-05:00,-0.1784
MS,2023-10-18 07:00:00-04:00,0.0733
MS,2023-07-18 07:00:00-04:00,0.057999999999999996
MS,2023-04-19 07:00:00-04:00,0.049100000000000005
MS,2023-01-17 08:00:00-05:00,-0.012
MS,2022-10-14 07:00:00-04:00,0.0127
MS,2022-07-14 07:00:00-04:00,-0.0969
MS,2022-04-14 07:00:00-04:00,0.19699999999999998
MS,2022-01-19 07:00:00-05:00,0.045599999999999995
MS,2021-10-14 07:00:00-04:00,0.18359999999999999
MS,2021-07-15 07:00:00-04:00,0.1192
MS,2021-04-16 07:00:00-04:00,0.2786
MS,2021-01-20 07:00:00-05:00,0.43119999999999997
MS,2020-10-15 07:00:00-04:00,0.3136
MS,2020-07-16 07:00:00-04:00,0.8162999999999999
BLK,2026-04-14 06:00:00-04:00,0.09
BLK,2026-01-15 06:00:00-05:00,0.0794
BLK,2025-10-14 06:00:00-04:00,-0.2144
BLK,2025-07-15 06:00:00-04:00,0.11470000000000001
BLK,2025-04-11 06:00:00-04:00,0.1159
BLK,2025-01-15 05:00:00-05:00,0.0636
BLK,2024-10-11 06:00:00-04:00,0.11109999999999999
BLK,2024-07-15 06:00:00-04:00,0.039900000000000005
BLK,2024-04-12 06:00:00-04:00,0.0447
BLK,2024-01-12 05:00:00-05:00,0.08789999999999999
BLK,2023-10-13 06:00:00-04:00,0.2841
BLK,2023-07-14 06:00:00-04:00,0.096
BLK,2023-04-14 06:00:00-04:00,0.0263
BLK,2023-01-13 08:00:00-05:00,0.10310000000000001
BLK,2022-10-13 07:00:00-04:00,0.3517
BLK,2022-07-15 07:00:00-04:00,-0.0827
BLK,2009-10-20 07:00:00-04:00,0.0864
BLK,2009-07-21 07:00:00-04:00,0.1202
BLK,2009-04-21 07:00:00-04:00,0.006
BLK,2009-01-21 07:00:00-05:00,-0.3156
BLK,2008-10-21 07:00:00-04:00,-0.0883
BLK,2008-07-17 07:00:00-04:00,0.1361
BLK,2008-04-16 07:00:00-04:00,-0.0553
BLK,2008-01-17 07:00:00-05:00,0.1721
AXP,2026-04-23 07:00:00-04:00,0.0718
AXP,2026-01-30 07:00:00-05:00,-0.0066
AXP,2025-10-17 07:00:00-04:00,0.04019999999999999
AXP,2025-07-18 07:00:00-04:00,0.0509
AXP,2025-04-17 07:00:00-04:00,0.0496
AXP,2025-01-24 07:00:00-05:00,-0.0034999999999999996
AXP,2024-10-18 07:00:00-04:00,0.0613
AXP,2024-07-19 07:00:00-04:00,0.07150000000000001
AXP,2024-04-19 10:00:00-04:00,0.1266
AXP,2024-01-26 07:00:00-05:00,-0.0101
AXP,2023-10-20 07:00:00-04:00,0.11869999999999999
AXP,2023-07-21 07:00:00-04:00,0.0264
AXP,2023-04-20 07:00:00-04:00,-0.1002
AXP,2023-01-27 07:00:00-05:00,-0.0745
AXP,2022-10-21 13:00:00-04:00,0.023399999999999997
AXP,2022-07-22 07:00:00-04:00,0.0664
AXP,2022-04-22 07:00:00-04:00,0.1073
AXP,2022-01-25 07:00:00-05:00,0.18710000000000002
AXP,2021-10-22 07:00:00-04:00,0.2854
AXP,2021-07-23 07:00:00-04:00,0.7252
AXP,2021-04-23 07:00:00-04:00,0.6937000000000001
AXP,2021-01-26 07:00:00-05:00,0.3603
AXP,2020-10-23 07:00:00-04:00,-0.0384
AXP,2020-07-24 07:00:00-04:00,11.128800000000002
USB,2026-04-16 06:00:00-04:00,0.0341
USB,2026-01-20 06:00:00-05:00,0.0603
USB,2025-10-16 06:00:00-04:00,0.08460000000000001
USB,2025-07-17 06:00:00-04:00,0.0406
USB,2025-04-16 06:00:00-04:00,0.056900000000000006
USB,2025-01-15 19:00:00-05:00,0.0171
USB,2024-10-16 06:00:00-04:00,0.0405
USB,2024-07-17 06:00:00-04:00,0.0233
USB,2024-05-01 16:00:00-04:00,-0.1161
USB,2024-01-17 06:00:00-05:00,-0.46
USB,2023-10-18 06:00:00-04:00,-0.0968
USB,2023-07-19 07:00:00-04:00,-0.2351
USB,2023-04-19 06:00:00-04:00,-0.0717
USB,2023-01-25 06:00:00-05:00,-0.4982
USB,2022-10-14 06:00:00-04:00,0.0042
USB,2022-07-15 06:00:00-04:00,-0.0753
USB,2022-04-14 06:00:00-04:00,0.0512
USB,2022-01-19 06:00:00-05:00,-0.0246
USB,2021-10-14 06:00:00-04:00,0.1241
USB,2021-07-15 06:00:00-04:00,0.12890000000000001
USB,2021-04-15 06:00:00-04:00,0.5143
USB,2021-01-20 06:00:00-05:00,0.0152
USB,2020-10-14 06:00:00-04:00,0.0915
USB,2020-07-15 06:00:00-04:00,0.016399999999999998
COF,2026-04-21 16:00:00-04:00,-0.0334
COF,2026-01-22 16:00:00-05:00,-0.0683
COF,2025-10-21 16:00:00-04:00,0.3642
COF,2025-07-22 16:00:00-04:00,0.4743
COF,2025-04-22 16:00:00-04:00,0.1119
COF,2025-01-21 16:00:00-05:00,0.10369999999999999
COF,2024-10-24 16:00:00-04:00,0.1997
COF,2024-07-23 16:00:00-04:00,-0.07400000000000001
COF,2024-04-25 16:00:00-04:00,-0.049
COF,2024-01-25 16:00:00-05:00,-0.15960000000000002
COF,2023-10-26 16:00:00-04:00,0.37560000000000004
COF,2023-07-20 16:00:00-04:00,0.0875
COF,2023-04-27 16:00:00-04:00,-0.4056
COF,2023-01-24 16:00:00-05:00,-0.2693
COF,2022-10-27 16:00:00-04:00,-0.1671
COF,2022-07-21 16:00:00-04:00,-0.0174
COF,2022-04-26 16:00:00-04:00,0.0291
COF,2022-01-25 16:00:00-05:00,0.0416
COF,2021-10-26 16:00:00-04:00,0.3204
COF,2021-07-22 16:00:00-04:00,0.6984
COF,2021-04-27 16:00:00-04:00,0.7341
COF,2021-01-26 16:00:00-05:00,0.9284
COF,2020-10-22 16:00:00-04:00,1.4441
COF,2020-07-21 16:00:00-04:00,-0.0455
SCHW,2026-04-16 07:00:00-04:00,0.0248
SCHW,2026-01-21 07:00:00-05:00,-0.0027
SCHW,2025-10-16 07:00:00-04:00,0.0521
SCHW,2025-07-18 07:00:00-04:00,0.0381
SCHW,2025-04-17 07:00:00-04:00,0.0317
SCHW,2025-01-21 16:00:00-05:00,0.10460000000000001
SCHW,2024-10-15 07:00:00-04:00,0.026099999999999998
SCHW,2024-07-16 07:00:00-04:00,0.011399999999999999
SCHW,2024-04-15 08:00:00-04:00,0.0073
SCHW,2024-01-17 07:00:00-05:00,0.0637
SCHW,2023-10-16 08:00:00-04:00,0.038599999999999995
SCHW,2023-07-18 07:00:00-04:00,0.056900000000000006
SCHW,2023-04-17 16:00:00-04:00,0.0334
SCHW,2023-01-18 08:00:00-05:00,-0.0168
SCHW,2022-10-17 08:00:00-04:00,0.0434
SCHW,2022-07-18 08:00:00-04:00,0.069
SCHW,2022-04-18 08:00:00-04:00,-0.08349999999999999
SCHW,2022-01-18 08:00:00-05:00,-0.0256
SCHW,2021-10-15 08:00:00-04:00,0.034
SCHW,2021-07-16 08:00:00-04:00,-0.023
SCHW,2021-04-15 08:00:00-04:00,0.02
SCHW,2021-01-19 08:00:00-05:00,0.0541
SCHW,2020-10-15 08:00:00-04:00,0.0775
SCHW,2020-07-16 08:00:00-04:00,0.0111
PNC,2026-04-15 06:00:00-04:00,0.0384
PNC,2026-01-16 06:00:00-05:00,0.1536
PNC,2025-10-15 06:00:00-04:00,0.07519999999999999
PNC,2025-07-16 06:00:00-04:00,0.0801
PNC,2025-04-15 06:00:00-04:00,0.036699999999999997
PNC,2025-01-16 06:00:00-05:00,0.0978
PNC,2024-10-15 06:00:00-04:00,0.1461
PNC,2024-07-16 06:00:00-04:00,0.0759
PNC,2024-04-16 06:00:00-04:00,0.08960000000000001
PNC,2024-01-16 06:00:00-05:00,0.1677
PNC,2023-10-13 06:00:00-04:00,0.1471
PNC,2023-07-18 06:00:00-04:00,0.0273
PNC,2023-04-14 06:00:00-04:00,0.0929
PNC,2023-01-18 06:00:00-05:00,-0.1185
PNC,2022-10-14 06:00:00-04:00,0.0255
PNC,2022-07-15 06:00:00-04:00,0.1001
PNC,2022-04-14 06:00:00-04:00,0.17329999999999998
PNC,2022-01-18 06:00:00-05:00,0.0209
PNC,2021-10-15 06:00:00-04:00,0.0377
PNC,2021-07-14 06:00:00-04:00,-0.1038
PNC,2021-04-16 06:00:00-04:00,0.47119999999999995
PNC,2021-01-15 06:00:00-05:00,0.2489
PNC,2020-10-14 06:00:00-04:00,0.5896
PNC,2020-07-15 06:00:00-04:00,-3.4466
TFC,2026-04-17 06:00:00-04:00,0.094
TFC,2026-01-21 06:00:00-05:00,0.026600000000000002
TFC,2025-10-17 06:00:00-04:00,0.067
TFC,2025-07-18 06:00:00-04:00,-0.0223
TFC,2025-04-17 06:00:00-04:00,-0.0038
TFC,2025-01-17 06:00:00-05:00,0.0378
TFC,2024-10-17 06:00:00-04:00,0.0755
TFC,2024-07-22 06:00:00-04:00,0.09179999999999999
TFC,2024-04-22 06:00:00-04:00,0.1184
TFC,2024-01-18 06:00:00-05:00,-0.095
TFC,2023-10-19 06:00:00-04:00,0.0174
TFC,2023-07-20 06:00:00-04:00,-0.10369999999999999
TFC,2023-04-20 06:00:00-04:00,-0.0487
TFC,2023-01-19 05:00:00-05:00,0.0166
TFC,2022-10-18 05:00:00-04:00,0.0121
TFC,2022-07-19 05:00:00-04:00,0.0403
TFC,2022-04-19 05:00:00-04:00,0.1332
TFC,2022-01-18 05:00:00-05:00,0.099
TFC,2021-10-15 05:00:00-04:00,0.18109999999999998
TFC,2021-07-15 05:00:00-04:00,0.31629999999999997
TFC,2021-04-15 05:00:00-04:00,0.0751
TFC,2021-01-21 05:00:00-05:00,0.2293
TFC,2020-10-15 05:00:00-04:00,0.10439999999999999
TFC,2020-07-16 05:00:00-04:00,0.067
JNJ,2026-04-14 06:00:00-04:00,-0.058600000000000006
JNJ,2026-01-21 06:00:00-05:00,-0.0011
JNJ,2025-10-14 06:00:00-04:00,0.0149
JNJ,2025-07-16 06:00:00-04:00,0.0321
JNJ,2025-04-15 06:00:00-04:00,1.0092
JNJ,2025-01-22 06:00:00-05:00,0.0138
JNJ,2024-10-15 06:00:00-04:00,0.0971
JNJ,2024-07-17 06:00:00-04:00,0.0431
JNJ,2024-04-16 06:00:00-04:00,0.0226
JNJ,2024-01-23 06:00:00-05:00,0.0039000000000000003
JNJ,2023-10-17 06:00:00-04:00,0.0554
JNJ,2023-07-20 06:00:00-04:00,0.0692
JNJ,2023-04-18 06:00:00-04:00,0.0717
JNJ,2023-01-24 06:00:00-05:00,0.0507
JNJ,2022-10-18 06:00:00-04:00,0.026000000000000002
JNJ,2022-07-19 06:00:00-04:00,0.0163
JNJ,2022-04-19 06:00:00-04:00,0.0408
JNJ,2022-01-25 06:00:00-05:00,0.0053
JNJ,2021-10-19 06:00:00-04:00,0.1051
JNJ,2021-07-21 06:00:00-04:00,0.0862
JNJ,2021-04-20 06:00:00-04:00,0.1043
JNJ,2021-01-26 06:00:00-05:00,0.0176
JNJ,2020-10-13 06:00:00-04:00,0.1103
JNJ,2020-07-16 06:00:00-04:00,0.1051
UNH,2026-04-21 06:00:00-04:00,0.09519999999999999
UNH,2026-01-27 05:00:00-05:00,0.0019
UNH,2025-10-28 05:00:00-04:00,0.039900000000000005
UNH,2025-07-29 05:00:00-04:00,-0.0823
UNH,2025-04-17 05:00:00-04:00,-0.0121
UNH,2025-01-16 06:00:00-05:00,0.0108
UNH,2024-10-15 06:00:00-04:00,-0.013300000000000001
UNH,2024-07-16 06:00:00-04:00,0.024900000000000002
UNH,2024-04-16 05:00:00-04:00,0.0444
UNH,2024-01-12 05:00:00-05:00,0.028900000000000002
UNH,2023-10-13 05:00:00-04:00,0.0334
UNH,2023-07-14 05:00:00-04:00,0.0268
UNH,2023-04-14 05:00:00-04:00,0.030299999999999997
UNH,2023-01-13 05:00:00-05:00,0.0322
UNH,2022-10-14 05:00:00-04:00,0.065
UNH,2022-07-15 05:00:00-04:00,0.0694
UNH,2022-04-14 05:00:00-04:00,0.026000000000000002
UNH,2022-01-19 05:00:00-05:00,0.039599999999999996
UNH,2021-10-14 05:00:00-04:00,0.0235
UNH,2021-07-15 05:00:00-04:00,0.0537
UNH,2021-04-15 05:00:00-04:00,0.212
UNH,2021-01-20 05:00:00-05:00,0.0453
UNH,2020-10-14 05:00:00-04:00,0.1383
UNH,2020-07-15 05:00:00-04:00,0.36
PFE,2026-05-05 06:00:00-04:00,0.0393
PFE,2026-02-03 06:00:00-05:00,0.1618
PFE,2025-11-04 07:00:00-05:00,0.3743
PFE,2025-08-05 06:00:00-04:00,0.3594
PFE,2025-04-29 06:00:00-04:00,0.3649
PFE,2025-02-04 06:00:00-05:00,0.37200000000000005
PFE,2024-10-29 06:00:00-04:00,0.7328
PFE,2024-07-30 08:00:00-04:00,0.3019
PFE,2024-05-01 06:00:00-04:00,0.6011
PFE,2024-01-30 06:00:00-05:00,1.547
PFE,2023-10-31 06:00:00-04:00,0.16829999999999998
PFE,2023-08-01 06:00:00-04:00,0.1528
PFE,2023-05-02 06:00:00-04:00,0.2468
PFE,2023-01-31 06:00:00-05:00,0.094
PFE,2022-11-01 06:00:00-04:00,0.2703
PFE,2022-07-28 06:00:00-04:00,0.14800000000000002
PFE,2022-05-03 06:00:00-04:00,0.0347
PFE,2022-02-08 06:00:00-05:00,0.23600000000000002
PFE,2021-11-02 06:00:00-04:00,0.235
PFE,2021-07-28 06:00:00-04:00,0.0942
PFE,2021-05-04 06:00:00-04:00,0.1963
PFE,2021-02-02 06:00:00-05:00,-0.0965
PFE,2020-10-27 06:00:00-04:00,0.0097
PFE,2020-07-28 06:00:00-04:00,0.1813
ABBV,2026-04-29 07:00:00-04:00,-0.0077
ABBV,2026-02-04 07:00:00-05:00,0.0216
ABBV,2025-10-31 07:00:00-04:00,0.042300000000000004
ABBV,2025-07-31 07:00:00-04:00,0.021400000000000002
ABBV,2025-04-25 07:00:00-04:00,0.0262
ABBV,2025-01-31 07:00:00-05:00,0.0192
ABBV,2024-10-30 07:00:00-04:00,0.0282
ABBV,2024-07-25 07:00:00-04:00,-0.0039000000000000003
ABBV,2024-04-26 07:00:00-04:00,0.023700000000000002
ABBV,2024-02-02 07:00:00-05:00,-0.0032
ABBV,2023-10-27 07:00:00-04:00,0.027999999999999997
ABBV,2023-07-27 07:00:00-04:00,0.0364
ABBV,2023-04-27 07:00:00-04:00,-0.0137
ABBV,2023-02-09 07:00:00-05:00,0.006500000000000001
ABBV,2022-10-28 07:00:00-04:00,0.0265
ABBV,2022-07-29 07:00:00-04:00,0.0183
ABBV,2022-04-29 07:00:00-04:00,0.005600000000000001
ABBV,2022-02-02 07:00:00-05:00,0.0084
ABBV,2021-10-29 07:00:00-04:00,0.0352
ABBV,2021-07-30 07:00:00-04:00,0.025699999999999997
ABBV,2021-04-30 07:00:00-04:00,0.0426
ABBV,2021-02-03 07:00:00-05:00,0.0242
ABBV,2020-10-30 07:00:00-04:00,0.0232
ABBV,2020-07-31 07:00:00-04:00,0.0636
MRK,2026-04-30 06:00:00-04:00,0.1315
MRK,2026-02-03 06:00:00-05:00,0.0147
MRK,2025-10-30 06:00:00-04:00,0.09849999999999999
MRK,2025-07-29 06:00:00-04:00,0.0504
MRK,2025-04-24 06:00:00-04:00,0.0398
MRK,2025-02-04 06:00:00-05:00,0.033
MRK,2024-10-31 06:00:00-04:00,0.0003
MRK,2024-07-30 06:00:00-04:00,0.06309999999999999
MRK,2024-04-25 06:00:00-04:00,0.0774
MRK,2024-02-01 06:00:00-05:00,1.2748
MRK,2023-10-26 06:00:00-04:00,0.0951
MRK,2023-08-01 06:00:00-04:00,0.0541
MRK,2023-04-27 06:00:00-04:00,0.047599999999999996
MRK,2023-02-02 06:00:00-05:00,0.0536
MRK,2022-10-27 06:00:00-04:00,0.0828
MRK,2022-07-28 06:00:00-04:00,0.09570000000000001
MRK,2022-04-28 06:00:00-04:00,0.1711
MRK,2022-02-03 06:00:00-05:00,0.1808
MRK,2021-10-28 06:00:00-04:00,0.1258
MRK,2021-07-29 06:00:00-04:00,-0.0285
MRK,2021-04-29 06:00:00-04:00,-0.1323
MRK,2021-02-04 06:00:00-05:00,-0.049
MRK,2020-10-27 06:00:00-04:00,0.2132
MRK,2020-07-31 06:00:00-04:00,0.2584
ABT,2026-04-16 07:00:00-04:00,0.0033
ABT,2026-01-22 07:00:00-05:00,0.0034000000000000002
ABT,2025-10-15 07:00:00-04:00,0.0005
ABT,2025-07-17 07:00:00-04:00,0.0028000000000000004
ABT,2025-04-16 07:00:00-04:00,0.0174
ABT,2025-01-22 07:00:00-05:00,-0.0017000000000000001
ABT,2024-10-16 07:00:00-04:00,0.0076
ABT,2024-07-18 07:00:00-04:00,0.0317
ABT,2024-04-17 07:00:00-04:00,0.0281
ABT,2024-01-24 07:00:00-05:00,0.0004
ABT,2023-10-18 07:00:00-04:00,0.037000000000000005
ABT,2023-07-20 07:00:00-04:00,0.028900000000000002
ABT,2023-04-19 07:00:00-04:00,0.0431
ABT,2023-01-25 07:00:00-05:00,0.0965
ABT,2022-10-19 07:00:00-04:00,0.22899999999999998
ABT,2022-07-20 07:00:00-04:00,0.2529
ABT,2022-04-20 07:00:00-04:00,0.1809
ABT,2022-01-26 07:00:00-05:00,0.09480000000000001
ABT,2021-10-20 07:00:00-04:00,0.47909999999999997
ABT,2021-07-22 07:00:00-04:00,0.1492
ABT,2021-04-20 07:00:00-04:00,0.039900000000000005
ABT,2021-01-27 07:00:00-05:00,0.0711
ABT,2020-10-21 07:00:00-04:00,0.08
ABT,2020-07-16 07:00:00-04:00,0.36920000000000003
TMO,2026-04-23 06:00:00-04:00,0.0379
TMO,2026-01-29 06:00:00-05:00,0.0187
TMO,2025-10-22 06:00:00-04:00,0.053200000000000004
TMO,2025-07-23 06:00:00-04:00,0.0255
TMO,2025-04-23 06:00:00-04:00,0.009399999999999999
TMO,2025-01-30 06:00:00-05:00,0.026600000000000002
TMO,2024-10-23 06:00:00-04:00,0.005
TMO,2024-07-24 06:00:00-04:00,0.0472
TMO,2024-04-24 06:00:00-04:00,0.08449999999999999
TMO,2024-01-31 06:00:00-05:00,0.0042
TMO,2023-10-25 06:00:00-04:00,0.0137
TMO,2023-07-26 06:00:00-04:00,-0.051699999999999996
TMO,2023-04-26 06:00:00-04:00,-0.0008
TMO,2023-02-01 06:00:00-05:00,0.0384
TMO,2022-10-26 06:00:00-04:00,0.055
TMO,2022-07-28 06:00:00-04:00,0.1061
TMO,2022-04-28 06:00:00-04:00,0.168
TMO,2022-02-02 06:00:00-05:00,0.2401
TMO,2021-10-27 06:00:00-04:00,0.2268
TMO,2021-07-28 06:00:00-04:00,0.0231
TMO,2021-04-29 06:00:00-04:00,0.0787
TMO,2021-02-01 06:00:00-05:00,0.0789
TMO,2020-10-21 06:00:00-04:00,0.30820000000000003
TMO,2020-07-22 06:00:00-04:00,0.3457
BMY,2026-04-30 07:00:00-04:00,0.139
BMY,2026-02-05 07:00:00-05:00,-0.4573
BMY,2025-10-30 07:00:00-04:00,0.0755
BMY,2025-07-31 07:00:00-04:00,-0.038
BMY,2025-04-24 07:00:00-04:00,0.19879999999999998
BMY,2025-02-06 06:00:00-05:00,-0.9556
BMY,2024-10-31 06:00:00-04:00,0.1998
BMY,2024-07-26 06:00:00-04:00,0.2737
BMY,2024-04-25 06:00:00-04:00,-0.0005
BMY,2024-02-02 06:00:00-05:00,0.07769999999999999
BMY,2023-10-26 06:00:00-04:00,0.0403
BMY,2023-07-27 07:00:00-04:00,-0.1198
BMY,2023-04-27 06:00:00-04:00,0.0387
BMY,2023-02-02 06:00:00-05:00,0.051699999999999996
BMY,2022-10-25 19:00:00-04:00,0.08460000000000001
BMY,2022-07-27 06:00:00-04:00,0.0727
BMY,2022-04-29 06:00:00-04:00,0.0334
BMY,2022-02-04 06:00:00-05:00,0.0166
BMY,2021-10-27 06:00:00-04:00,0.0426
BMY,2021-07-28 06:00:00-04:00,0.0177
BMY,2021-04-29 06:00:00-04:00,-0.0391
BMY,2021-02-04 06:00:00-05:00,0.031200000000000002
BMY,2020-11-05 06:00:00-05:00,0.0932
BMY,2020-08-06 06:00:00-04:00,0.1023
AMGN,2026-04-30 16:00:00-04:00,0.08039999999999999
AMGN,2026-02-03 16:00:00-05:00,0.015
AMGN,2025-11-04 16:00:00-05:00,1.2813999999999999
AMGN,2025-08-05 16:00:00-04:00,-0.1505
AMGN,2025-05-01 16:00:00-04:00,0.1501
AMGN,2025-02-04 16:00:00-05:00,0.0463
AMGN,2024-10-30 16:00:00-04:00,0.0929
AMGN,2024-08-06 16:00:00-04:00,-0.0062
AMGN,2024-05-02 16:00:00-04:00,0.0183
AMGN,2024-02-06 16:00:00-05:00,0.0258
AMGN,2023-10-31 07:00:00-04:00,0.059000000000000004
AMGN,2023-08-03 16:00:00-04:00,0.1127
AMGN,2023-04-27 16:00:00-04:00,0.0327
AMGN,2023-01-31 16:00:00-05:00,-0.0003
AMGN,2022-11-03 16:00:00-04:00,0.056100000000000004
AMGN,2022-08-04 16:00:00-04:00,0.0728
AMGN,2022-04-27 12:00:00-04:00,0.031200000000000002
AMGN,2022-02-07 16:00:00-05:00,0.0803
AMGN,2021-11-02 16:00:00-04:00,0.1065
AMGN,2021-08-03 16:00:00-04:00,0.092
AMGN,2021-04-27 16:00:00-04:00,-0.08460000000000001
AMGN,2021-02-02 16:00:00-05:00,0.13849999999999998
AMGN,2020-10-28 16:00:00-04:00,0.1641
AMGN,2020-07-28 16:00:00-04:00,0.12789999999999999
GILD,2026-05-07 16:00:00-04:00,0.063
GILD,2026-02-10 16:00:00-05:00,0.0282
GILD,2025-10-30 16:00:00-04:00,0.1568
GILD,2025-08-07 16:00:00-04:00,0.027200000000000002
GILD,2025-04-24 16:00:00-04:00,0.0194
GILD,2025-02-11 16:00:00-05:00,0.1173
GILD,2024-11-06 16:00:00-05:00,0.3048
GILD,2024-08-08 16:00:00-04:00,0.25739999999999996
GILD,2024-04-25 16:00:00-04:00,0.1311
GILD,2024-02-06 16:00:00-05:00,-0.023399999999999997
GILD,2023-11-07 16:00:00-05:00,0.1956
GILD,2023-08-03 16:00:00-04:00,-0.1825
GILD,2023-04-27 16:00:00-04:00,-0.1084
GILD,2023-02-02 16:00:00-05:00,0.10869999999999999
GILD,2022-10-27 16:00:00-04:00,0.32880000000000004
GILD,2022-08-02 16:00:00-04:00,0.0391
GILD,2022-04-28 16:00:00-04:00,0.1724
GILD,2022-02-01 16:00:00-05:00,-0.5664
GILD,2021-10-28 16:00:00-04:00,0.48719999999999997
GILD,2021-07-29 16:00:00-04:00,0.0706
GILD,2021-04-29 16:00:00-04:00,-0.0152
GILD,2021-02-04 16:00:00-05:00,0.0197
GILD,2020-10-28 16:00:00-04:00,0.1188
GILD,2020-07-30 16:00:00-04:00,-0.23379999999999998
CVS,2026-05-06 06:00:00-04:00,0.1648
CVS,2026-02-10 06:00:00-05:00,0.09380000000000001
CVS,2025-10-29 06:00:00-04:00,0.1793
CVS,2025-07-31 06:00:00-04:00,0.23850000000000002
CVS,2025-05-01 06:00:00-04:00,0.10529999999999999
CVS,2025-02-12 06:00:00-05:00,0.2956
CVS,2024-11-06 06:00:00-05:00,-0.2523
CVS,2024-08-07 06:00:00-04:00,0.059500000000000004
CVS,2024-05-01 06:00:00-04:00,-0.2279
CVS,2024-02-07 06:00:00-05:00,0.0659
CVS,2023-11-01 06:00:00-04:00,0.037200000000000004
CVS,2023-08-02 06:00:00-04:00,0.042300000000000004
CVS,2023-05-03 06:00:00-04:00,0.0516
CVS,2023-02-08 06:00:00-05:00,0.031400000000000004
CVS,2022-11-02 06:00:00-04:00,0.0794
CVS,2022-08-03 06:00:00-04:00,0.10099999999999999
CVS,2022-05-04 06:00:00-04:00,0.0349
CVS,2022-02-09 06:00:00-05:00,0.0537
CVS,2021-11-03 06:00:00-04:00,0.1035
CVS,2021-08-04 06:00:00-04:00,0.171
CVS,2021-05-04 06:00:00-04:00,0.188
CVS,2021-02-16 06:00:00-05:00,0.04650000000000001
CVS,2020-11-06 06:00:00-05:00,0.2432
CVS,2020-08-05 06:00:00-04:00,0.3747
HUM,2026-04-29 06:00:00-04:00,0.0105
HUM,2026-02-11 06:00:00-05:00,0.0068000000000000005
HUM,2025-11-05 06:00:00-05:00,0.1464
HUM,2025-07-29 20:00:00-04:00,0.06860000000000001
HUM,2025-04-30 06:00:00-04:00,0.1497
HUM,2025-02-11 06:00:00-05:00,-0.019299999999999998
HUM,2024-10-30 06:00:00-04:00,0.2285
HUM,2024-07-31 06:00:00-04:00,0.18780000000000002
HUM,2024-04-24 06:00:00-04:00,0.20440000000000003
HUM,2024-01-25 06:00:00-05:00,-1.1198000000000001
HUM,2023-11-01 06:00:00-04:00,0.085
HUM,2023-08-02 06:00:00-04:00,0.012199999999999999
HUM,2023-04-26 06:00:00-04:00,0.0195
HUM,2023-02-01 06:00:00-05:00,0.1067
HUM,2022-11-02 06:00:00-04:00,0.0962
HUM,2022-07-27 06:00:00-04:00,0.1298
HUM,2022-04-27 07:00:00-04:00,0.1832
HUM,2022-02-02 06:00:00-05:00,0.0697
HUM,2021-11-03 07:00:00-04:00,0.0334
HUM,2021-07-28 06:00:00-04:00,0.0069
HUM,2021-04-28 07:00:00-04:00,0.0803
HUM,2021-02-03 06:00:00-05:00,0.0077
HUM,2020-11-03 06:00:00-05:00,0.0987
HUM,2020-08-05 06:00:00-04:00,0.24109999999999998
KO,2026-04-28 07:00:00-04:00,0.0588
KO,2026-02-10 06:00:00-05:00,-0.0143
KO,2025-10-21 06:00:00-04:00,0.053200000000000004
KO,2025-07-22 07:00:00-04:00,0.0393
KO,2025-04-29 06:00:00-04:00,0.0195
KO,2025-02-11 06:00:00-05:00,-0.011000000000000001
KO,2024-10-23 06:00:00-04:00,0.0318
KO,2024-07-23 06:00:00-04:00,0.0426
KO,2024-04-30 06:00:00-04:00,0.034
KO,2024-02-13 06:00:00-05:00,0.0033
KO,2023-10-24 06:00:00-04:00,0.0649
KO,2023-07-26 06:00:00-04:00,0.0814
KO,2023-04-24 06:00:00-04:00,0.054000000000000006
KO,2023-02-14 06:00:00-05:00,0.0018
KO,2022-10-25 06:00:00-04:00,0.0832
KO,2022-07-26 07:00:00-04:00,0.046900000000000004
KO,2022-04-25 06:00:00-04:00,0.10439999999999999
KO,2022-02-10 06:00:00-05:00,0.0935
KO,2021-10-27 06:00:00-04:00,0.122
KO,2021-07-21 07:00:00-04:00,0.2051
KO,2021-04-19 07:00:00-04:00,0.0906
KO,2021-02-10 06:00:00-05:00,0.1245
KO,2020-10-22 06:00:00-04:00,0.1892
KO,2020-07-21 06:00:00-04:00,0.023700000000000002
PG,2026-04-24 07:00:00-04:00,0.0222
PG,2026-01-22 07:00:00-05:00,-0.0255
PG,2025-10-24 07:00:00-04:00,0.0492
PG,2025-07-29 07:00:00-04:00,0.0414
PG,2025-04-24 07:00:00-04:00,0.009300000000000001
PG,2025-01-22 07:00:00-05:00,0.011000000000000001
PG,2024-10-18 06:00:00-04:00,0.0175
PG,2024-07-30 07:00:00-04:00,0.0192
PG,2024-04-19 06:00:00-04:00,0.0748
PG,2024-01-23 06:00:00-05:00,0.0828
PG,2023-10-18 06:00:00-04:00,0.0634
PG,2023-07-28 06:00:00-04:00,0.0348
PG,2023-04-21 06:00:00-04:00,0.0346
PG,2023-01-19 07:00:00-05:00,-0.0001
PG,2022-10-19 07:00:00-04:00,0.0141
PG,2022-07-29 06:00:00-04:00,-0.0143
PG,2022-04-20 06:00:00-04:00,0.0288
PG,2022-01-19 06:00:00-05:00,0.0040999999999999995
PG,2021-10-19 07:00:00-04:00,0.012
PG,2021-07-30 06:00:00-04:00,0.041299999999999996
PG,2021-04-20 07:00:00-04:00,0.061
PG,2021-01-20 07:00:00-05:00,0.08800000000000001
PG,2020-10-20 07:00:00-04:00,0.1489
PG,2020-07-30 07:00:00-04:00,0.1438
WMT,2026-02-19 06:00:00-05:00,0.0179
WMT,2025-11-20 06:00:00-05:00,0.0311
WMT,2025-08-21 06:00:00-04:00,-0.0797
WMT,2025-05-15 06:00:00-04:00,0.0564
WMT,2025-02-20 06:00:00-05:00,0.0204
WMT,2024-11-19 06:00:00-05:00,0.08839999999999999
WMT,2024-08-15 06:00:00-04:00,0.037599999999999995
WMT,2024-05-16 06:00:00-04:00,0.1424
WMT,2024-02-20 06:00:00-05:00,0.0935
WMT,2023-11-16 06:00:00-05:00,0.0039000000000000003
WMT,2023-08-17 06:00:00-04:00,0.0788
WMT,2023-05-18 07:00:00-04:00,0.1164
WMT,2023-02-21 07:00:00-05:00,0.1288
WMT,2022-11-15 07:00:00-05:00,0.13949999999999999
WMT,2022-08-16 07:00:00-04:00,0.1002
WMT,2022-05-17 06:00:00-04:00,-0.121
WMT,2022-02-17 07:00:00-05:00,0.022099999999999998
WMT,2021-11-16 07:00:00-05:00,0.0397
WMT,2021-08-17 07:00:00-04:00,0.1317
WMT,2021-05-18 06:00:00-04:00,0.4006
WMT,2021-02-18 06:00:00-05:00,-0.08
WMT,2020-11-17 07:00:00-05:00,0.128
WMT,2020-08-18 06:00:00-04:00,0.24109999999999998
WMT,2020-05-19 07:00:00-04:00,0.0848
COST,2026-03-05 16:00:00-05:00,0.0078000000000000005
COST,2025-12-11 16:00:00-05:00,0.054400000000000004
COST,2025-09-25 16:00:00-04:00,0.0113
COST,2025-05-29 16:00:00-04:00,0.0123
COST,2025-03-06 16:00:00-05:00,-0.0194
COST,2024-12-12 16:00:00-05:00,0.0632
COST,2024-09-26 16:00:00-04:00,0.0141
COST,2024-06-06 06:00:00-04:00,0.0031
COST,2024-03-07 16:00:00-05:00,0.0851
COST,2023-12-14 16:00:00-05:00,0.0483
COST,2023-09-26 16:00:00-04:00,0.0087
COST,2023-06-01 06:00:00-04:00,-0.1454
COST,2023-03-02 16:00:00-05:00,0.0225
COST,2022-12-08 16:00:00-05:00,-0.0181
COST,2022-10-05 06:00:00-04:00,0.009300000000000001
COST,2022-05-26 16:00:00-04:00,0.0006
COST,2022-03-03 16:00:00-05:00,0.0659
COST,2021-12-09 16:00:00-05:00,0.1255
COST,2021-09-23 16:00:00-04:00,0.10189999999999999
COST,2021-05-27 16:00:00-04:00,0.1759
COST,2021-03-04 16:00:00-05:00,-0.1202
COST,2020-12-10 16:00:00-05:00,0.2668
COST,2020-09-24 16:00:00-04:00,0.0621
COST,2020-05-28 16:00:00-04:00,0.0013
PEP,2026-04-16 06:00:00-04:00,0.0375
PEP,2026-02-03 06:00:00-05:00,-0.16140000000000002
PEP,2025-10-09 06:00:00-04:00,-0.163
PEP,2025-07-17 06:00:00-04:00,0.044800000000000006
PEP,2025-04-24 06:00:00-04:00,-0.1104
PEP,2025-02-04 06:00:00-05:00,0.009000000000000001
PEP,2024-10-08 06:00:00-04:00,0.0074
PEP,2024-07-11 06:00:00-04:00,0.0557
PEP,2024-04-23 06:00:00-04:00,0.0596
PEP,2024-02-09 06:00:00-05:00,0.034300000000000004
PEP,2023-10-10 06:00:00-04:00,0.0444
PEP,2023-07-13 06:00:00-04:00,0.06559999999999999
PEP,2023-04-25 06:00:00-04:00,0.0823
PEP,2023-02-09 06:00:00-05:00,0.012199999999999999
PEP,2022-10-12 06:00:00-04:00,0.0668
PEP,2022-07-12 06:00:00-04:00,0.071
PEP,2022-04-26 06:00:00-04:00,0.0454
PEP,2022-02-10 06:00:00-05:00,0.0092
PEP,2021-10-05 06:00:00-04:00,0.0327
PEP,2021-07-13 06:00:00-04:00,0.1272
PEP,2021-04-15 06:00:00-04:00,0.08
PEP,2021-02-11 08:00:00-05:00,0.006999999999999999
PEP,2020-10-01 06:00:00-04:00,0.1158
PEP,2020-07-13 06:00:00-04:00,0.0599
MO,2026-04-30 07:00:00-04:00,0.0592
MO,2026-01-29 07:00:00-05:00,-0.013300000000000001
MO,2025-10-30 07:00:00-04:00,0.0013
MO,2025-07-30 07:00:00-04:00,0.039900000000000005
MO,2025-04-29 07:00:00-04:00,0.0352
MO,2025-01-30 07:00:00-05:00,0.0085
MO,2024-10-31 07:00:00-04:00,0.0225
MO,2024-07-31 07:00:00-04:00,-0.0256
MO,2024-04-25 07:00:00-04:00,-0.0006
MO,2024-02-01 07:00:00-05:00,0.0040999999999999995
MO,2023-10-26 07:00:00-04:00,-0.0125
MO,2023-08-01 07:00:00-04:00,0.0077
MO,2023-04-27 07:00:00-04:00,0.0051
MO,2023-02-01 07:00:00-05:00,0.0179
MO,2022-10-27 07:00:00-04:00,-0.0182
MO,2022-07-28 07:00:00-04:00,0.0077
MO,2022-04-28 07:00:00-04:00,0.0252
MO,2022-01-27 07:00:00-05:00,0.0064
MO,2021-10-28 07:00:00-04:00,-0.0301
MO,2021-07-29 07:00:00-04:00,0.0473
MO,2021-04-29 07:00:00-04:00,0.0208
MO,2021-01-28 07:00:00-05:00,-0.0285
MO,2020-10-30 07:00:00-04:00,0.028900000000000002
MO,2020-07-28 07:00:00-04:00,0.0285
PM,2026-04-22 07:00:00-04:00,0.0707
PM,2026-02-06 07:00:00-05:00,-0.0942
PM,2025-10-21 07:00:00-04:00,0.0688
PM,2025-07-22 07:00:00-04:00,0.027999999999999997
PM,2025-04-23 06:00:00-04:00,0.0479
PM,2025-02-06 06:00:00-05:00,0.0342
PM,2024-10-22 07:00:00-04:00,0.049
PM,2024-07-23 07:00:00-04:00,0.0203
PM,2024-04-23 06:00:00-04:00,0.0647
PM,2024-02-08 07:00:00-05:00,-0.06280000000000001
PM,2023-10-19 06:00:00-04:00,0.0348
PM,2023-07-20 06:00:00-04:00,0.0836
PM,2023-04-20 06:00:00-04:00,0.0264
PM,2023-02-09 06:00:00-05:00,0.08869999999999999
PM,2022-10-20 06:00:00-04:00,0.12560000000000002
PM,2022-07-21 06:00:00-04:00,0.18469999999999998
PM,2022-04-21 06:00:00-04:00,0.044199999999999996
PM,2022-02-10 06:00:00-05:00,0.0171
PM,2021-10-19 06:00:00-04:00,0.013999999999999999
PM,2021-07-20 06:00:00-04:00,0.0147
PM,2021-04-20 06:00:00-04:00,0.129
PM,2021-02-04 07:00:00-05:00,0.039
PM,2020-10-20 06:00:00-04:00,0.044500000000000005
PM,2020-07-21 06:00:00-04:00,0.1739
CL,2026-05-01 06:00:00-04:00,-0.1536
CL,2026-01-30 06:00:00-05:00,0.04190000000000001
CL,2025-10-31 06:00:00-04:00,0.024
CL,2025-08-01 06:00:00-04:00,0.0281
CL,2025-04-25 06:00:00-04:00,0.061200000000000004
CL,2025-01-31 06:00:00-05:00,0.0232
CL,2024-10-25 06:00:00-04:00,0.0139
CL,2024-07-26 06:00:00-04:00,0.0472
CL,2024-04-26 08:00:00-04:00,0.058499999999999996
CL,2024-01-26 06:00:00-05:00,0.026000000000000002
CL,2023-10-27 06:00:00-04:00,0.073
CL,2023-07-28 06:00:00-04:00,0.032799999999999996
CL,2023-04-28 06:00:00-04:00,0.045700000000000005
CL,2023-01-27 06:00:00-05:00,0.0046
CL,2022-10-28 06:00:00-04:00,0.0103
CL,2022-07-29 06:00:00-04:00,0.013300000000000001
CL,2022-04-29 06:00:00-04:00,-0.0073
CL,2022-01-28 06:00:00-05:00,0.0015
CL,2021-10-29 06:00:00-04:00,0.0178
CL,2021-07-30 06:00:00-04:00,0.0007000000000000001
CL,2021-04-30 06:00:00-04:00,0.012
CL,2021-01-29 06:00:00-05:00,0.0066
CL,2020-10-30 06:00:00-04:00,0.1223
CL,2020-07-31 06:00:00-04:00,0.06570000000000001
GIS,2026-03-18 07:00:00-04:00,-0.12140000000000001
GIS,2025-12-17 07:00:00-05:00,-0.25
GIS,2025-09-17 07:00:00-04:00,1.6219999999999999
GIS,2025-06-25 07:00:00-04:00,0.0414
GIS,2025-03-19 07:00:00-04:00,0.04019999999999999
GIS,2024-12-18 07:00:00-05:00,0.1503
GIS,2024-09-18 07:00:00-04:00,0.0098
GIS,2024-06-26 07:00:00-04:00,0.0155
GIS,2024-03-20 07:00:00-04:00,0.1192
GIS,2023-12-20 07:00:00-05:00,0.0795
GIS,2023-09-20 07:00:00-04:00,0.008
GIS,2023-06-28 07:00:00-04:00,-0.019
GIS,2023-03-23 07:00:00-04:00,0.0513
GIS,2022-12-20 07:00:00-05:00,0.0333
GIS,2022-09-21 07:00:00-04:00,0.1081
GIS,2022-06-29 07:00:00-04:00,0.1106
GIS,2022-03-23 07:00:00-04:00,0.0756
GIS,2021-12-21 07:00:00-05:00,-0.057300000000000004
GIS,2021-09-22 07:00:00-04:00,0.1144
GIS,2021-06-30 07:00:00-04:00,0.0758
GIS,2021-03-24 07:00:00-04:00,-0.0216
GIS,2020-12-17 07:00:00-05:00,0.0934
GIS,2020-09-23 07:00:00-04:00,0.1467
GIS,2020-07-01 07:00:00-04:00,0.0346
HSY,2026-04-30 06:00:00-04:00,0.0812
HSY,2026-02-05 06:00:00-05:00,0.2177
HSY,2025-10-30 06:00:00-04:00,0.22219999999999998
HSY,2025-07-30 06:00:00-04:00,0.20420000000000002
HSY,2025-05-01 06:00:00-04:00,-0.45539999999999997
HSY,2025-02-06 06:00:00-05:00,0.1326
HSY,2024-11-07 06:00:00-05:00,-0.08289999999999999
HSY,2024-08-01 06:00:00-04:00,-0.325
HSY,2024-05-03 06:00:00-04:00,0.1117
HSY,2024-02-08 06:00:00-05:00,0.032799999999999996
HSY,2023-10-26 06:00:00-04:00,0.0596
HSY,2023-07-27 06:00:00-04:00,0.049699999999999994
HSY,2023-04-27 06:00:00-04:00,0.1107
HSY,2023-02-02 06:00:00-05:00,0.13949999999999999
HSY,2022-11-04 06:00:00-04:00,0.032
HSY,2022-07-28 06:00:00-04:00,0.0693
HSY,2022-04-28 06:00:00-04:00,0.2057
HSY,2022-02-03 06:00:00-05:00,0.046799999999999994
HSY,2021-10-28 06:00:00-04:00,0.048
HSY,2021-07-29 06:00:00-04:00,0.0317
HSY,2021-04-29 06:00:00-04:00,0.0675
HSY,2021-02-04 06:00:00-05:00,0.044800000000000006
HSY,2020-11-06 06:00:00-05:00,0.0823
HSY,2020-07-23 06:00:00-04:00,0.16210000000000002
MCD,2026-05-07 07:00:00-04:00,0.0311
MCD,2026-02-11 16:00:00-05:00,0.0222
MCD,2025-11-05 07:00:00-05:00,-0.0336
MCD,2025-08-06 07:00:00-04:00,0.0139
MCD,2025-05-01 07:00:00-04:00,-0.0002
MCD,2025-02-10 07:00:00-05:00,-0.0097
MCD,2024-10-29 07:00:00-04:00,0.0088
MCD,2024-07-29 07:00:00-04:00,-0.0318
MCD,2024-04-30 07:00:00-04:00,-0.0095
MCD,2024-02-05 07:00:00-05:00,0.043899999999999995
MCD,2023-10-30 07:00:00-04:00,0.0652
MCD,2023-07-27 07:00:00-04:00,0.1366
MCD,2023-04-25 07:00:00-04:00,0.1255
MCD,2023-01-31 07:00:00-05:00,0.0525
MCD,2022-10-27 07:00:00-04:00,0.0392
MCD,2022-07-26 07:00:00-04:00,0.0339
MCD,2022-04-28 07:00:00-04:00,0.0467
MCD,2022-01-27 07:00:00-05:00,-0.048
MCD,2021-10-27 07:00:00-04:00,0.1193
MCD,2021-07-28 07:00:00-04:00,0.11810000000000001
MCD,2021-04-29 07:00:00-04:00,0.0535
MCD,2021-01-28 07:00:00-05:00,-0.0455
MCD,2020-11-09 06:00:00-05:00,0.1685
MCD,2020-07-28 06:00:00-04:00,-0.12390000000000001
NKE,2026-03-31 16:00:00-04:00,0.24309999999999998
NKE,2025-12-18 16:00:00-05:00,0.4133
NKE,2025-09-30 16:00:00-04:00,0.8131999999999999
NKE,2025-06-26 16:00:00-04:00,0.1418
NKE,2025-03-20 16:00:00-04:00,0.8552
NKE,2024-12-19 16:00:00-05:00,0.24710000000000001
NKE,2024-10-01 16:00:00-04:00,0.3161
NKE,2024-06-27 16:00:00-04:00,0.193
NKE,2024-03-21 16:00:00-04:00,0.07980000000000001
NKE,2023-12-21 16:00:00-05:00,0.218
NKE,2023-09-28 16:00:00-04:00,0.24059999999999998
NKE,2023-06-29 16:00:00-04:00,-0.011699999999999999
NKE,2023-03-21 16:00:00-04:00,0.4631
NKE,2022-12-20 16:00:00-05:00,0.33049999999999996
NKE,2022-09-29 16:00:00-04:00,0.0096
NKE,2022-06-27 16:00:00-04:00,0.2299
NKE,2022-03-21 16:00:00-04:00,0.2141
NKE,2021-12-20 16:00:00-05:00,0.3197
NKE,2021-09-23 16:00:00-04:00,0.033
NKE,2021-06-24 16:00:00-04:00,0.8129000000000001
NKE,2021-03-18 16:00:00-04:00,0.1967
NKE,2020-12-18 16:00:00-05:00,0.2529
NKE,2020-09-22 16:00:00-04:00,0.8967
NKE,2020-06-25 16:00:00-04:00,-12.902000000000001
SBUX,2026-04-28 16:00:00-04:00,0.1451
SBUX,2026-01-28 07:00:00-05:00,-0.045899999999999996
SBUX,2025-10-29 16:00:00-04:00,-0.7679
SBUX,2025-07-29 16:00:00-04:00,-0.2249
SBUX,2025-04-29 16:00:00-04:00,-0.1523
SBUX,2025-01-28 16:00:00-05:00,0.0346
SBUX,2024-10-30 16:00:00-04:00,-0.1061
SBUX,2024-07-30 16:00:00-04:00,-0.0012
SBUX,2024-04-30 16:00:00-04:00,-0.1519
SBUX,2024-01-30 16:00:00-05:00,-0.040999999999999995
SBUX,2023-11-02 06:00:00-04:00,0.0906
SBUX,2023-08-01 16:00:00-04:00,0.0509
SBUX,2023-05-02 16:00:00-04:00,0.13119999999999998
SBUX,2023-02-02 16:00:00-05:00,-0.025699999999999997
SBUX,2022-11-03 16:00:00-04:00,0.1249
SBUX,2022-08-02 16:00:00-04:00,0.11130000000000001
SBUX,2022-05-03 16:00:00-04:00,-0.0102
SBUX,2022-02-01 16:00:00-05:00,-0.09449999999999999
SBUX,2021-10-28 16:00:00-04:00,0.0045000000000000005
SBUX,2021-07-27 16:00:00-04:00,0.2949
SBUX,2021-04-27 16:00:00-04:00,0.1661
SBUX,2021-01-26 16:00:00-05:00,0.10279999999999999
SBUX,2020-10-29 16:00:00-04:00,0.6368
SBUX,2020-07-28 16:00:00-04:00,0.24710000000000001
TGT,2026-03-03 06:00:00-05:00,0.1297
TGT,2025-11-19 06:00:00-05:00,0.0409
TGT,2025-08-20 06:00:00-04:00,0.0037
TGT,2025-05-21 06:00:00-04:00,-0.2127
TGT,2025-03-04 06:00:00-05:00,0.0705
TGT,2024-11-20 06:00:00-05:00,-0.1956
TGT,2024-08-21 06:00:00-04:00,0.1772
TGT,2024-05-22 06:00:00-04:00,-0.0109
TGT,2024-03-05 06:00:00-05:00,0.2352
TGT,2023-11-15 06:00:00-05:00,0.4191
TGT,2023-08-16 06:00:00-04:00,0.2685
TGT,2023-05-17 06:00:00-04:00,0.1469
TGT,2023-02-28 06:00:00-05:00,0.3506
TGT,2022-11-16 06:00:00-05:00,-0.29350000000000004
TGT,2022-08-17 06:00:00-04:00,-0.4547
TGT,2022-05-18 06:00:00-04:00,-0.2853
TGT,2022-03-01 06:00:00-05:00,0.1226
TGT,2021-11-17 06:00:00-05:00,0.0785
TGT,2021-08-18 06:00:00-04:00,0.030600000000000002
TGT,2021-05-19 06:00:00-04:00,0.6518999999999999
TGT,2021-03-02 06:00:00-05:00,0.052000000000000005
TGT,2020-11-18 06:00:00-05:00,0.7376999999999999
TGT,2020-08-19 06:00:00-04:00,1.0436
TGT,2020-05-20 06:00:00-04:00,0.46240000000000003
HD,2026-02-24 06:00:00-05:00,0.078
HD,2025-11-18 06:00:00-05:00,-0.0245
HD,2025-08-19 06:00:00-04:00,-0.0031
HD,2025-05-20 06:00:00-04:00,-0.008100000000000001
HD,2025-02-25 06:00:00-05:00,-0.0079
HD,2024-11-12 06:00:00-05:00,0.0033
HD,2024-08-13 06:00:00-04:00,0.0116
HD,2024-05-14 06:00:00-04:00,0.005699999999999999
HD,2024-02-20 06:00:00-05:00,0.0163
HD,2023-11-14 06:00:00-05:00,0.013500000000000002
HD,2023-08-15 06:00:00-04:00,0.046799999999999994
HD,2023-05-16 06:00:00-04:00,0.0052
HD,2023-02-21 06:00:00-05:00,0.004
HD,2022-11-15 06:00:00-05:00,0.0296
HD,2022-08-16 06:00:00-04:00,0.0236
HD,2022-05-17 06:00:00-04:00,0.10830000000000001
HD,2022-02-22 06:00:00-05:00,0.0087
HD,2021-11-16 06:00:00-05:00,0.15289999999999998
HD,2021-08-17 06:00:00-04:00,0.0233
HD,2021-05-18 06:00:00-04:00,0.2658
HD,2021-02-23 06:00:00-05:00,0.045899999999999996
HD,2020-11-17 06:00:00-05:00,0.04769999999999999
HD,2020-08-18 06:00:00-04:00,0.0806
HD,2020-05-19 06:00:00-04:00,-0.0782
LOW,2026-02-25 06:00:00-05:00,0.019299999999999998
LOW,2025-11-19 06:00:00-05:00,0.0361
LOW,2025-08-20 06:00:00-04:00,0.0218
LOW,2025-05-21 06:00:00-04:00,0.013999999999999999
LOW,2025-02-26 06:00:00-05:00,0.0484
LOW,2024-11-19 06:00:00-05:00,0.0277
LOW,2024-08-20 06:00:00-04:00,0.0258
LOW,2024-05-21 06:00:00-04:00,0.0364
LOW,2024-02-27 06:00:00-05:00,0.0525
LOW,2023-11-21 06:00:00-05:00,0.009399999999999999
LOW,2023-08-22 06:00:00-04:00,0.0179
LOW,2023-05-23 06:00:00-04:00,0.06509999999999999
LOW,2023-03-01 06:00:00-05:00,0.0294
LOW,2022-11-16 06:00:00-05:00,0.0574
LOW,2022-08-17 06:00:00-04:00,0.0173
LOW,2022-05-18 06:00:00-04:00,0.0867
LOW,2022-02-23 06:00:00-05:00,0.052300000000000006
LOW,2021-11-17 06:00:00-05:00,0.1606
LOW,2021-08-18 06:00:00-04:00,0.061200000000000004
LOW,2021-05-19 06:00:00-04:00,0.2408
LOW,2021-02-24 06:00:00-05:00,0.0987
LOW,2020-11-18 06:00:00-05:00,0.012199999999999999
LOW,2020-08-19 06:00:00-04:00,0.2726
LOW,2020-05-20 06:00:00-04:00,0.3448
TJX,2026-02-25 07:00:00-05:00,0.1411
TJX,2025-11-19 07:00:00-05:00,0.050199999999999995
TJX,2025-08-20 07:00:00-04:00,0.08449999999999999
TJX,2025-05-21 07:00:00-04:00,0.0079
TJX,2025-02-26 07:00:00-05:00,0.0548
TJX,2024-11-20 07:00:00-05:00,0.04019999999999999
TJX,2024-08-21 07:00:00-04:00,0.044000000000000004
TJX,2024-05-22 07:00:00-04:00,0.0634
TJX,2024-02-28 07:00:00-05:00,0.0908
TJX,2023-11-15 07:00:00-05:00,0.0381
TJX,2023-08-16 07:00:00-04:00,0.1065
TJX,2023-05-17 07:00:00-04:00,0.06509999999999999
TJX,2023-02-22 07:00:00-05:00,0.002
TJX,2022-11-16 07:00:00-05:00,0.1334
TJX,2022-08-17 07:00:00-04:00,0.0554
TJX,2022-05-18 07:00:00-04:00,0.128
TJX,2022-02-23 07:00:00-05:00,-0.1414
TJX,2021-11-17 07:00:00-05:00,0.030899999999999997
TJX,2021-08-18 07:00:00-04:00,0.1177
TJX,2021-05-19 08:00:00-04:00,0.41700000000000004
TJX,2021-02-24 07:00:00-05:00,-0.27390000000000003
TJX,2020-11-18 07:00:00-05:00,0.7985
TJX,2020-08-19 07:00:00-04:00,-0.3482
TJX,2020-05-21 08:00:00-04:00,-3.0233
MAR,2026-05-06 07:00:00-04:00,0.0649
MAR,2026-02-10 07:00:00-05:00,-0.0151
MAR,2025-11-04 07:00:00-05:00,0.0346
MAR,2025-08-05 07:00:00-04:00,0.0106
MAR,2025-05-06 07:00:00-04:00,0.0296
MAR,2025-02-11 07:00:00-05:00,0.0274
MAR,2024-11-04 07:00:00-05:00,-0.020499999999999997
MAR,2024-07-31 07:00:00-04:00,0.009899999999999999
MAR,2024-05-01 07:00:00-04:00,-0.016
MAR,2024-02-13 07:00:00-05:00,0.6819
MAR,2023-11-02 06:00:00-04:00,0.0034000000000000002
MAR,2023-08-01 07:00:00-04:00,0.0397
MAR,2023-05-02 07:00:00-04:00,0.1313
MAR,2023-02-14 07:00:00-05:00,0.0748
MAR,2022-11-03 06:00:00-04:00,0.006999999999999999
MAR,2022-08-02 07:00:00-04:00,0.14429999999999998
MAR,2022-05-04 07:00:00-04:00,0.35840000000000005
MAR,2022-02-15 07:00:00-05:00,0.3018
MAR,2021-11-03 07:00:00-04:00,0.0038
MAR,2021-08-03 07:00:00-04:00,0.7058
MAR,2021-05-10 07:00:00-04:00,1.9806
MAR,2021-02-18 07:00:00-05:00,0.2516
MAR,2020-11-06 07:00:00-05:00,1.7438999999999998
MAR,2020-08-10 07:00:00-04:00,-0.5710999999999999
YUM,2026-04-29 07:00:00-04:00,0.0795
YUM,2026-02-04 07:00:00-05:00,0.0992
YUM,2025-11-04 07:00:00-05:00,0.0668
YUM,2025-08-05 07:00:00-04:00,-0.0134
YUM,2025-04-30 07:00:00-04:00,0.015300000000000001
YUM,2025-02-06 07:00:00-05:00,0.0088
YUM,2024-11-05 07:00:00-05:00,-0.0475
YUM,2024-08-06 07:00:00-04:00,0.014499999999999999
YUM,2024-05-01 07:00:00-04:00,-0.045599999999999995
YUM,2024-02-07 07:00:00-05:00,-0.1008
YUM,2023-11-01 07:00:00-04:00,0.1315
YUM,2023-08-02 07:00:00-04:00,0.135
YUM,2023-05-03 07:00:00-04:00,-0.0625
YUM,2023-02-08 07:00:00-05:00,0.0392
YUM,2022-11-02 07:00:00-04:00,-0.0527
YUM,2022-08-03 07:00:00-04:00,-0.038599999999999995
YUM,2022-05-04 07:00:00-04:00,-0.0206
YUM,2022-02-09 07:00:00-05:00,-0.0666
YUM,2021-10-28 07:00:00-04:00,0.1257
YUM,2021-07-29 07:00:00-04:00,0.2234
YUM,2021-04-28 07:00:00-04:00,0.23559999999999998
YUM,2021-02-04 07:00:00-05:00,0.1408
YUM,2020-10-29 07:00:00-04:00,0.271
YUM,2020-07-30 07:00:00-04:00,0.48950000000000005
DRI,2026-03-19 07:00:00-04:00,0.0029
DRI,2025-12-18 07:00:00-05:00,-0.008199999999999999
DRI,2025-09-18 07:00:00-04:00,-0.020499999999999997
DRI,2025-06-20 07:00:00-04:00,0.0044
DRI,2025-03-20 07:00:00-04:00,0.0017000000000000001
DRI,2024-12-19 07:00:00-05:00,0.0034999999999999996
DRI,2024-09-19 07:00:00-04:00,-0.055
DRI,2024-06-20 07:00:00-04:00,0.0158
DRI,2024-03-21 07:00:00-04:00,-0.0002
DRI,2023-12-15 07:00:00-05:00,0.062
DRI,2023-09-21 07:00:00-04:00,0.024399999999999998
DRI,2023-06-22 07:00:00-04:00,0.027000000000000003
DRI,2023-03-23 07:00:00-04:00,0.052199999999999996
DRI,2022-12-16 07:00:00-05:00,0.058499999999999996
DRI,2022-09-22 07:00:00-04:00,-0.0212
DRI,2022-06-23 07:00:00-04:00,0.0271
DRI,2022-03-24 07:00:00-04:00,-0.07980000000000001
DRI,2021-12-17 07:00:00-05:00,0.0298
DRI,2021-09-23 07:00:00-04:00,0.0637
DRI,2021-06-24 07:00:00-04:00,0.1306
DRI,2021-03-25 07:00:00-04:00,0.402
DRI,2020-12-18 07:00:00-05:00,0.037599999999999995
DRI,2020-09-24 07:00:00-04:00,9.44
DRI,2020-06-25 07:00:00-04:00,0.2462
CAT,2026-04-30 06:00:00-04:00,0.193
CAT,2026-01-29 06:00:00-05:00,0.0951
CAT,2025-10-29 06:00:00-04:00,0.0943
CAT,2025-08-05 06:00:00-04:00,-0.0373
CAT,2025-04-30 06:00:00-04:00,-0.0219
CAT,2025-01-30 06:00:00-05:00,0.0225
CAT,2024-10-30 06:00:00-04:00,-0.0344
CAT,2024-08-06 06:00:00-04:00,0.0814
CAT,2024-04-25 06:00:00-04:00,0.0913
CAT,2024-02-05 06:00:00-05:00,0.10060000000000001
CAT,2023-10-31 06:00:00-04:00,0.1518
CAT,2023-08-01 06:00:00-04:00,0.21239999999999998
CAT,2023-04-27 06:00:00-04:00,0.295
CAT,2023-01-31 06:00:00-05:00,-0.04190000000000001
CAT,2022-10-27 06:00:00-04:00,0.24780000000000002
CAT,2022-08-02 06:00:00-04:00,0.054400000000000004
CAT,2022-04-28 06:00:00-04:00,0.1063
CAT,2022-01-28 06:00:00-05:00,0.1885
CAT,2021-10-28 06:00:00-04:00,0.20800000000000002
CAT,2021-07-30 06:00:00-04:00,0.0799
CAT,2021-04-29 06:00:00-04:00,0.4797
CAT,2021-01-29 06:00:00-05:00,0.42460000000000003
CAT,2020-10-27 06:00:00-04:00,0.13970000000000002
CAT,2020-07-31 06:00:00-04:00,0.43329999999999996
HON,2026-04-23 06:00:00-04:00,0.0555
HON,2026-01-29 06:00:00-05:00,-0.7889
HON,2025-10-23 06:00:00-04:00,0.0987
HON,2025-07-24 06:00:00-04:00,0.034300000000000004
HON,2025-04-29 06:00:00-04:00,0.1364
HON,2025-02-06 06:00:00-05:00,0.0528
HON,2024-10-24 06:00:00-04:00,0.0308
HON,2024-07-25 06:00:00-04:00,0.031
HON,2024-04-25 06:00:00-04:00,0.0332
HON,2024-02-01 06:00:00-05:00,0.0033
HON,2023-10-26 06:00:00-04:00,0.0187
HON,2023-07-27 06:00:00-04:00,0.0079
HON,2023-04-27 06:00:00-04:00,0.07429999999999999
HON,2023-02-02 06:00:00-05:00,0.0045000000000000005
HON,2022-10-27 06:00:00-04:00,0.0461
HON,2022-07-28 06:00:00-04:00,0.036000000000000004
HON,2022-04-29 06:00:00-04:00,0.0258
HON,2022-02-03 06:00:00-05:00,0.0052
HON,2021-10-22 06:00:00-04:00,0.011699999999999999
HON,2021-07-23 06:00:00-04:00,0.038599999999999995
HON,2021-04-23 06:00:00-04:00,0.0659
HON,2021-01-29 06:00:00-05:00,0.035
HON,2020-10-30 06:00:00-04:00,0.049400000000000006
HON,2020-07-24 06:00:00-04:00,0.0166
GE,2026-04-21 06:00:00-04:00,0.0526
GE,2026-01-22 06:00:00-05:00,0.0981
GE,2025-10-21 06:00:00-04:00,0.2633
GE,2025-07-17 06:00:00-04:00,0.1597
GE,2025-04-22 06:00:00-04:00,0.1751
GE,2025-01-23 06:00:00-05:00,0.26899999999999996
GE,2024-10-22 06:00:00-04:00,0.30670000000000003
GE,2024-07-23 06:00:00-04:00,0.2079
GE,2024-04-23 06:00:00-04:00,0.1642
GE,2024-01-23 06:00:00-05:00,0.14859999999999998
GE,2023-10-24 06:00:00-04:00,0.4628
GE,2023-07-25 06:00:00-04:00,0.4814
GE,2023-04-25 06:00:00-04:00,0.9756
GE,2023-01-24 06:00:00-05:00,0.0697
GE,2022-10-25 06:00:00-04:00,-0.2812
GE,2022-07-26 06:00:00-04:00,0.8622
GE,2022-04-26 06:00:00-04:00,0.0787
GE,2022-01-25 06:00:00-05:00,0.1209
GE,2021-10-26 06:00:00-04:00,0.3003
GE,2021-07-27 06:00:00-04:00,0.49579999999999996
GE,2021-04-27 06:00:00-04:00,2.0805000000000002
GE,2021-01-26 06:00:00-05:00,-0.0633
GE,2020-10-28 06:00:00-04:00,3.0631
GE,2020-07-29 06:00:00-04:00,-0.6642
UPS,2026-04-28 06:00:00-04:00,0.0484
UPS,2026-01-27 06:00:00-05:00,0.0814
UPS,2025-10-28 06:00:00-04:00,0.3394
UPS,2025-07-29 06:00:00-04:00,-0.0102
UPS,2025-04-29 06:00:00-04:00,0.0791
UPS,2025-01-30 06:00:00-05:00,0.086
UPS,2024-10-24 06:00:00-04:00,0.08449999999999999
UPS,2024-07-23 06:00:00-04:00,-0.10099999999999999
UPS,2024-04-23 06:00:00-04:00,0.0674
UPS,2024-01-30 06:00:00-05:00,0.0040999999999999995
UPS,2023-10-26 06:00:00-04:00,0.005699999999999999
UPS,2023-08-08 06:00:00-04:00,0.018000000000000002
UPS,2023-04-25 06:00:00-04:00,-0.004
UPS,2023-01-31 06:00:00-05:00,0.0104
UPS,2022-10-25 06:00:00-04:00,0.048799999999999996
UPS,2022-07-26 06:00:00-04:00,0.041299999999999996
UPS,2022-04-26 06:00:00-04:00,0.0582
UPS,2022-02-01 06:00:00-05:00,0.1564
UPS,2021-10-26 06:00:00-04:00,0.0643
UPS,2021-07-27 06:00:00-04:00,0.08789999999999999
UPS,2021-04-27 06:00:00-04:00,0.6106
UPS,2021-02-02 06:00:00-05:00,0.239
UPS,2020-10-28 06:00:00-04:00,0.2002
UPS,2020-07-30 06:00:00-04:00,0.976
FDX,2026-03-19 16:00:00-04:00,0.2552
FDX,2025-12-18 16:00:00-05:00,0.1716
FDX,2025-09-18 16:00:00-04:00,0.0601
FDX,2025-06-24 16:00:00-04:00,0.1957
FDX,2025-03-20 16:00:00-04:00,-0.0265
FDX,2024-12-19 16:00:00-05:00,0.0212
FDX,2024-09-19 16:00:00-04:00,-0.24480000000000002
FDX,2024-06-25 16:00:00-04:00,0.0073
FDX,2024-03-21 16:00:00-04:00,0.10949999999999999
FDX,2023-12-19 16:00:00-05:00,-0.0501
FDX,2023-09-20 16:00:00-04:00,0.21289999999999998
FDX,2023-06-20 16:00:00-04:00,0.0113
FDX,2023-03-16 16:00:00-04:00,0.24600000000000002
FDX,2022-12-20 16:00:00-05:00,0.1274
FDX,2022-09-15 16:00:00-04:00,-0.3308
FDX,2022-06-23 16:00:00-04:00,-0.0012
FDX,2022-03-17 16:00:00-04:00,-0.013000000000000001
FDX,2021-12-16 16:00:00-05:00,0.12560000000000002
FDX,2021-09-21 16:00:00-04:00,-0.1121
FDX,2021-06-24 16:00:00-04:00,0.0013
FDX,2021-03-18 16:00:00-04:00,0.0719
FDX,2020-12-17 16:00:00-05:00,0.2034
FDX,2020-09-15 16:00:00-04:00,0.7920999999999999
FDX,2020-06-30 16:00:00-04:00,0.6165999999999999
DE,2026-02-19 06:00:00-05:00,0.1745
DE,2025-11-26 06:00:00-05:00,0.025
DE,2025-08-14 06:00:00-04:00,0.019
DE,2025-05-15 06:00:00-04:00,0.1776
DE,2025-02-13 06:00:00-05:00,-0.0212
DE,2024-11-21 06:00:00-05:00,0.1576
DE,2024-08-15 06:00:00-04:00,0.0857
DE,2024-05-16 06:00:00-04:00,0.0775
DE,2024-02-15 06:00:00-05:00,0.1868
DE,2023-11-22 06:00:00-05:00,0.1148
DE,2023-08-18 06:00:00-04:00,0.2466
DE,2023-05-19 06:00:00-04:00,0.1925
DE,2023-02-17 06:00:00-05:00,0.1984
DE,2022-11-23 06:00:00-05:00,0.09029999999999999
DE,2022-08-19 06:00:00-04:00,-0.0788
DE,2022-05-20 06:00:00-04:00,0.0178
DE,2022-02-18 06:00:00-05:00,0.3012
DE,2021-11-24 06:00:00-05:00,0.0641
DE,2021-08-20 06:00:00-04:00,0.16519999999999999
DE,2021-05-21 06:00:00-04:00,0.2372
DE,2021-02-19 06:00:00-05:00,0.7807999999999999
DE,2020-11-25 06:00:00-05:00,0.6496999999999999
DE,2020-08-21 06:00:00-04:00,1.0523
DE,2020-05-22 06:00:00-04:00,0.30469999999999997
EMR,2026-05-05 16:00:00-04:00,-0.0316
EMR,2026-02-03 16:00:00-05:00,0.0339
EMR,2025-11-05 06:00:00-05:00,0.0028000000000000004
EMR,2025-08-06 06:00:00-04:00,0.0069
EMR,2025-05-07 06:00:00-04:00,0.046
EMR,2025-02-05 06:00:00-05:00,0.0803
EMR,2024-11-05 06:00:00-05:00,0.0069
EMR,2024-08-07 06:00:00-04:00,0.011200000000000002
EMR,2024-05-08 06:00:00-04:00,0.08470000000000001
EMR,2024-02-07 06:00:00-05:00,0.1709
EMR,2023-11-07 06:00:00-05:00,-0.0137
EMR,2023-08-02 06:00:00-04:00,0.16920000000000002
EMR,2023-05-03 06:00:00-04:00,0.12179999999999999
EMR,2023-02-08 06:00:00-05:00,-0.1061
EMR,2022-10-31 06:00:00-04:00,0.1001
EMR,2022-08-09 06:00:00-04:00,0.0666
EMR,2022-05-04 06:00:00-04:00,0.09609999999999999
EMR,2022-02-02 06:00:00-05:00,0.0435
EMR,2021-11-03 06:00:00-04:00,0.0255
EMR,2021-08-04 06:00:00-04:00,0.1191
EMR,2021-05-05 06:00:00-04:00,0.0762
EMR,2021-02-02 07:00:00-05:00,0.22010000000000002
EMR,2020-11-03 06:00:00-05:00,0.16579999999999998
EMR,2020-08-04 06:00:00-04:00,0.3599
ETN,2026-05-05 06:00:00-04:00,0.028999999999999998
ETN,2026-02-03 06:00:00-05:00,0.0034000000000000002
ETN,2025-11-04 06:00:00-05:00,-0.053200000000000004
ETN,2025-08-05 07:00:00-04:00,0.0095
ETN,2025-05-02 06:00:00-04:00,0.0055000000000000005
ETN,2025-01-31 06:00:00-05:00,0.0072
ETN,2024-10-31 06:00:00-04:00,0.0018
ETN,2024-08-01 06:00:00-04:00,0.045
ETN,2024-04-30 06:00:00-04:00,0.048600000000000004
ETN,2024-02-01 06:00:00-05:00,0.0321
ETN,2023-10-31 06:00:00-04:00,0.0571
ETN,2023-08-01 06:00:00-04:00,0.046799999999999994
ETN,2023-05-02 06:00:00-04:00,0.053399999999999996
ETN,2023-02-08 06:00:00-05:00,0.0058
ETN,2022-11-01 06:00:00-04:00,0.005600000000000001
ETN,2022-08-02 06:00:00-04:00,0.0276
ETN,2022-05-03 06:00:00-04:00,0.0143
ETN,2022-02-04 06:00:00-05:00,0.0037
ETN,2021-11-02 06:00:00-04:00,0.0128
ETN,2021-08-03 06:00:00-04:00,0.0925
ETN,2021-05-04 06:00:00-04:00,0.1578
ETN,2021-02-02 06:00:00-05:00,0.033
ETN,2020-11-03 06:00:00-05:00,0.129
ETN,2020-07-29 06:00:00-04:00,0.3196
ITW,2026-04-30 08:00:00-04:00,0.0371
ITW,2026-02-03 08:00:00-05:00,0.0105
ITW,2025-10-24 08:00:00-04:00,0.0348
ITW,2025-07-30 08:00:00-04:00,0.0062
ITW,2025-04-30 08:00:00-04:00,0.011399999999999999
ITW,2025-02-05 08:00:00-05:00,0.018600000000000002
ITW,2024-10-30 08:00:00-04:00,0.5497
ITW,2024-07-30 08:00:00-04:00,0.0288
ITW,2024-04-30 09:00:00-04:00,0.0332
ITW,2024-02-01 09:00:00-05:00,0.0024
ITW,2023-10-24 08:00:00-04:00,0.0388
ITW,2023-08-01 08:00:00-04:00,0.0013
ITW,2023-05-02 08:00:00-04:00,0.0458
ITW,2023-02-02 08:00:00-05:00,-0.07400000000000001
ITW,2022-10-25 08:00:00-04:00,0.042300000000000004
ITW,2022-08-02 08:00:00-04:00,0.06559999999999999
ITW,2022-05-03 08:00:00-04:00,0.0215
ITW,2022-02-03 08:00:00-05:00,0.0109
ITW,2021-10-28 08:00:00-04:00,-0.0301
ITW,2021-07-30 08:00:00-04:00,0.0048
ITW,2021-04-30 08:00:00-04:00,0.11900000000000001
ITW,2021-02-05 08:00:00-05:00,0.1382
ITW,2020-10-23 08:00:00-04:00,0.2619
ITW,2020-07-31 08:00:00-04:00,0.45770000000000005
RTX,2026-04-21 06:00:00-04:00,0.16949999999999998
RTX,2026-01-27 06:00:00-05:00,0.053399999999999996
RTX,2025-10-21 06:00:00-04:00,0.2064
RTX,2025-07-22 06:00:00-04:00,0.0947
RTX,2025-04-22 06:00:00-04:00,0.07519999999999999
RTX,2025-01-28 07:00:00-05:00,0.11800000000000001
RTX,2024-10-22 06:00:00-04:00,0.08310000000000001
RTX,2024-07-25 06:00:00-04:00,0.0861
RTX,2024-04-23 06:00:00-04:00,0.3764
RTX,2024-01-23 06:00:00-05:00,0.0346
RTX,2023-10-24 06:00:00-04:00,0.0264
RTX,2023-07-25 06:00:00-04:00,0.0973
RTX,2023-04-25 06:00:00-04:00,0.07519999999999999
RTX,2023-01-24 06:00:00-05:00,0.0183
RTX,2022-10-25 06:00:00-04:00,0.0633
RTX,2022-07-26 06:00:00-04:00,0.0416
RTX,2022-04-26 06:00:00-04:00,0.1311
RTX,2022-01-25 06:00:00-05:00,0.0572
RTX,2021-10-26 06:00:00-04:00,0.16
RTX,2021-07-27 06:00:00-04:00,0.1091
RTX,2021-04-27 06:00:00-04:00,0.0815
RTX,2021-01-26 06:00:00-05:00,0.0682
RTX,2020-10-27 06:00:00-04:00,0.15789999999999998
RTX,2020-07-28 06:00:00-04:00,2.3150999999999997
XOM,2026-05-01 06:00:00-04:00,0.1252
XOM,2026-01-30 06:00:00-05:00,-0.0767
XOM,2025-10-31 06:00:00-04:00,-0.0159
XOM,2025-08-01 06:00:00-04:00,0.0493
XOM,2025-05-02 06:00:00-04:00,0.0116
XOM,2025-01-31 06:00:00-05:00,0.10710000000000001
XOM,2024-11-01 06:00:00-04:00,0.0215
XOM,2024-08-02 06:00:00-04:00,0.06509999999999999
XOM,2024-04-26 04:00:00-04:00,-0.0475
XOM,2024-02-02 06:00:00-05:00,0.1304
XOM,2023-10-27 03:00:00-04:00,-0.0382
XOM,2023-07-28 06:00:00-04:00,-0.0391
XOM,2023-04-28 06:00:00-04:00,0.0932
XOM,2023-01-31 06:00:00-05:00,0.035699999999999996
XOM,2022-10-28 06:00:00-04:00,0.1648
XOM,2022-07-29 06:00:00-04:00,0.0646
XOM,2022-04-29 06:00:00-04:00,-0.0696
XOM,2022-02-01 07:00:00-05:00,0.06269999999999999
XOM,2021-10-29 07:00:00-04:00,0.0379
XOM,2021-07-30 07:00:00-04:00,0.1057
XOM,2021-04-30 07:00:00-04:00,0.0817
XOM,2021-02-02 07:00:00-05:00,0.5
XOM,2020-10-30 07:00:00-04:00,0.4239
XOM,2020-07-31 07:00:00-04:00,0.5211
CVX,2026-05-01 06:00:00-04:00,0.4556
CVX,2026-01-30 06:00:00-05:00,0.052000000000000005
CVX,2025-10-31 06:00:00-04:00,0.0839
CVX,2025-08-01 06:00:00-04:00,0.0171
CVX,2025-05-02 06:00:00-04:00,0.0131
CVX,2025-01-31 06:00:00-05:00,-0.053899999999999997
CVX,2024-11-01 06:00:00-04:00,0.038599999999999995
CVX,2024-08-02 06:00:00-04:00,-0.149
CVX,2024-04-26 03:00:00-04:00,0.036000000000000004
CVX,2024-02-02 06:00:00-05:00,0.0726
CVX,2023-10-27 03:00:00-04:00,-0.1707
CVX,2023-07-23 16:00:00-04:00,0.0352
CVX,2023-04-28 06:00:00-04:00,0.0506
CVX,2023-01-27 06:00:00-05:00,-0.0482
CVX,2022-10-28 06:00:00-04:00,0.1309
CVX,2022-07-29 06:00:00-04:00,0.1568
CVX,2022-04-29 06:00:00-04:00,-0.0268
CVX,2022-01-28 06:00:00-05:00,-0.1804
CVX,2021-10-29 06:00:00-04:00,0.3504
CVX,2021-07-30 06:00:00-04:00,0.06570000000000001
CVX,2021-04-30 06:00:00-04:00,-0.045700000000000005
CVX,2021-01-29 07:00:00-05:00,-1.1136
CVX,2020-10-30 06:00:00-04:00,1.4106
CVX,2020-07-31 06:00:00-04:00,-0.7322
COP,2026-04-30 07:00:00-04:00,0.1155
COP,2026-02-05 07:00:00-05:00,-0.0647
COP,2025-11-06 07:00:00-05:00,0.1405
COP,2025-08-07 07:00:00-04:00,0.0471
COP,2025-05-08 08:00:00-04:00,0.019799999999999998
COP,2025-02-06 07:00:00-05:00,0.07919999999999999
COP,2024-10-31 07:00:00-04:00,0.0695
COP,2024-08-01 07:00:00-04:00,0.0167
COP,2024-05-02 07:00:00-04:00,0.0015
COP,2024-02-08 07:00:00-05:00,0.107
COP,2023-11-02 07:00:00-04:00,0.033
COP,2023-08-03 07:00:00-04:00,-0.0604
COP,2023-05-04 07:00:00-04:00,0.15109999999999998
COP,2023-02-02 08:00:00-05:00,-0.0591
COP,2022-11-03 07:00:00-04:00,0.045700000000000005
COP,2022-08-04 07:00:00-04:00,0.0154
COP,2022-05-05 07:00:00-04:00,0.030899999999999997
COP,2022-02-03 07:00:00-05:00,0.0344
COP,2021-11-02 07:00:00-04:00,0.1679
COP,2021-08-03 07:00:00-04:00,0.1253
COP,2021-05-04 07:00:00-04:00,0.2897
COP,2021-02-02 07:00:00-05:00,0.23850000000000002
COP,2020-10-29 07:00:00-04:00,-0.0095
COP,2020-07-30 07:00:00-04:00,-0.5934
SLB,2026-04-24 06:00:00-04:00,0.0113
SLB,2026-01-23 06:00:00-05:00,0.0496
SLB,2025-10-17 06:00:00-04:00,0.0395
SLB,2025-07-18 06:00:00-04:00,0.0168
SLB,2025-04-25 06:00:00-04:00,-0.0134
SLB,2025-01-17 06:00:00-05:00,0.020099999999999996
SLB,2024-10-18 06:00:00-04:00,0.0063
SLB,2024-07-19 06:00:00-04:00,0.0255
SLB,2024-04-19 06:00:00-04:00,0.0014000000000000002
SLB,2024-01-19 06:00:00-05:00,0.0323
SLB,2023-10-20 06:00:00-04:00,0.016200000000000003
SLB,2023-07-21 06:00:00-04:00,0.01
SLB,2023-04-21 06:00:00-04:00,0.0359
SLB,2023-01-20 07:00:00-05:00,0.049
SLB,2022-10-21 06:00:00-04:00,0.1432
SLB,2022-07-22 06:00:00-04:00,0.2509
SLB,2022-04-22 06:00:00-04:00,0.02
SLB,2022-01-21 06:00:00-05:00,0.0507
SLB,2021-10-22 06:00:00-04:00,0.0083
SLB,2021-07-23 06:00:00-04:00,0.15789999999999998
SLB,2021-04-23 06:00:00-04:00,0.1276
SLB,2021-01-22 06:00:00-05:00,0.2907
SLB,2020-10-16 04:00:00-04:00,0.2594
SLB,2020-07-24 06:00:00-04:00,4.861000000000001
EOG,2026-05-05 16:00:00-04:00,0.0622
EOG,2026-02-24 16:00:00-05:00,0.0338
EOG,2025-11-06 16:00:00-05:00,0.08470000000000001
EOG,2025-08-07 16:00:00-04:00,0.052300000000000006
EOG,2025-05-01 16:00:00-04:00,0.0354
EOG,2025-02-27 16:00:00-05:00,0.0679
EOG,2024-11-07 16:00:00-05:00,0.04190000000000001
EOG,2024-08-01 16:00:00-04:00,0.0704
EOG,2024-05-02 16:00:00-04:00,0.0438
EOG,2024-02-22 16:00:00-05:00,-0.014199999999999999
EOG,2023-11-02 16:00:00-04:00,0.151
EOG,2023-08-03 16:00:00-04:00,0.0682
EOG,2023-05-04 16:00:00-04:00,0.0808
EOG,2023-02-23 16:00:00-05:00,-0.0304
EOG,2022-11-03 16:00:00-04:00,-0.0105
EOG,2022-08-04 16:00:00-04:00,-0.018000000000000002
EOG,2022-05-05 16:00:00-04:00,0.0849
EOG,2022-02-24 16:00:00-05:00,-0.0256
EOG,2021-11-04 16:00:00-04:00,0.056799999999999996
EOG,2021-08-04 16:00:00-04:00,0.1148
EOG,2021-05-06 16:00:00-04:00,0.0711
EOG,2021-02-25 16:00:00-05:00,0.9517
EOG,2020-11-05 16:00:00-05:00,1.3381999999999998
EOG,2020-08-06 16:00:00-04:00,-1.8978
PSX,2026-04-29 07:00:00-04:00,2.2568
PSX,2026-02-04 07:00:00-05:00,0.147
PSX,2025-10-29 07:00:00-04:00,0.1681
PSX,2025-07-25 07:00:00-04:00,0.3889
PSX,2025-04-25 07:00:00-04:00,-0.2557
PSX,2025-01-31 07:00:00-05:00,0.3218
PSX,2024-10-29 07:00:00-04:00,0.2254
PSX,2024-07-30 07:00:00-04:00,0.1661
PSX,2024-04-26 07:00:00-04:00,-0.1573
PSX,2024-01-31 07:00:00-05:00,0.2958
PSX,2023-10-27 09:00:00-04:00,-0.0206
PSX,2023-08-02 07:00:00-04:00,0.0857
PSX,2023-05-03 07:00:00-04:00,0.1832
PSX,2023-01-31 07:00:00-05:00,-0.081
PSX,2022-11-01 07:00:00-04:00,0.2826
PSX,2022-07-29 07:00:00-04:00,0.1566
PSX,2022-04-29 07:00:00-04:00,0.0866
PSX,2022-01-28 07:00:00-05:00,0.522
PSX,2021-10-29 07:00:00-04:00,0.6543000000000001
PSX,2021-08-03 07:00:00-04:00,0.2349
PSX,2021-04-30 07:00:00-04:00,0.1734
PSX,2021-01-29 07:00:00-05:00,-0.1595
PSX,2020-10-30 07:00:00-04:00,0.9867
PSX,2020-07-31 07:00:00-04:00,0.1173
VLO,2026-04-30 06:00:00-04:00,0.3347
VLO,2026-01-29 06:00:00-05:00,0.16949999999999998
VLO,2025-10-23 06:00:00-04:00,0.19879999999999998
VLO,2025-07-24 06:00:00-04:00,0.2909
VLO,2025-04-24 06:00:00-04:00,1.1731
VLO,2025-01-30 06:00:00-05:00,16.0312
VLO,2024-10-24 06:00:00-04:00,0.16079999999999997
VLO,2024-07-25 06:00:00-04:00,0.0437
VLO,2024-04-25 06:00:00-04:00,0.1859
VLO,2024-01-25 06:00:00-05:00,0.1816
VLO,2023-10-26 08:00:00-04:00,0.0226
VLO,2023-07-27 06:00:00-04:00,0.0629
VLO,2023-04-27 06:00:00-04:00,0.14679999999999999
VLO,2023-01-26 06:00:00-05:00,0.1672
VLO,2022-10-25 06:00:00-04:00,0.0288
VLO,2022-07-28 06:00:00-04:00,0.2113
VLO,2022-04-26 06:00:00-04:00,0.4032
VLO,2022-01-27 06:00:00-05:00,0.3421
VLO,2021-10-21 06:00:00-04:00,0.33030000000000004
VLO,2021-07-29 06:00:00-04:00,2.6444
VLO,2021-04-22 06:00:00-04:00,0.0673
VLO,2021-01-28 06:00:00-05:00,0.23559999999999998
VLO,2020-10-22 06:00:00-04:00,0.1297
VLO,2020-07-30 06:00:00-04:00,0.1076
MPC,2026-05-05 06:00:00-04:00,1.2063
MPC,2026-02-03 06:00:00-05:00,0.5013000000000001
MPC,2025-11-04 06:00:00-05:00,-0.048600000000000004
MPC,2025-08-05 06:00:00-04:00,0.2298
MPC,2025-05-06 06:00:00-04:00,0.5578
MPC,2025-02-04 06:00:00-05:00,37.3085
MPC,2024-11-05 06:00:00-05:00,0.46090000000000003
MPC,2024-08-06 06:00:00-04:00,0.3332
MPC,2024-04-30 06:00:00-04:00,-0.0015
MPC,2024-01-30 06:00:00-05:00,0.7918000000000001
MPC,2023-10-31 06:00:00-04:00,0.0506
MPC,2023-08-01 06:00:00-04:00,0.1598
MPC,2023-05-02 06:00:00-04:00,0.0866
MPC,2023-01-31 06:00:00-05:00,0.1814
MPC,2022-11-01 06:00:00-04:00,0.1121
MPC,2022-08-02 06:00:00-04:00,0.2489
MPC,2022-05-03 06:00:00-04:00,0.1358
MPC,2022-02-02 06:00:00-05:00,1.3137999999999999
MPC,2021-11-02 06:00:00-04:00,0.0406
MPC,2021-08-04 06:00:00-04:00,0.7606999999999999
MPC,2021-05-04 06:00:00-04:00,0.7173999999999999
MPC,2021-02-02 06:00:00-05:00,0.24350000000000002
MPC,2020-11-02 06:00:00-05:00,0.42469999999999997
MPC,2020-08-03 06:00:00-04:00,0.2432
IBM,2026-04-22 16:00:00-04:00,0.0545
IBM,2026-01-28 16:00:00-05:00,0.053
IBM,2025-10-22 16:00:00-04:00,0.08310000000000001
IBM,2025-07-23 16:00:00-04:00,0.0547
IBM,2025-04-23 16:00:00-04:00,0.12119999999999999
IBM,2025-01-29 16:00:00-05:00,0.0381
IBM,2024-10-23 16:00:00-04:00,0.0333
IBM,2024-07-24 16:00:00-04:00,0.1192
IBM,2024-04-24 16:00:00-04:00,0.052000000000000005
IBM,2024-01-24 16:00:00-05:00,0.018600000000000002
IBM,2023-10-25 16:00:00-04:00,0.035
IBM,2023-07-19 16:00:00-04:00,0.08929999999999999
IBM,2023-04-19 16:00:00-04:00,0.0973
IBM,2023-01-25 16:00:00-05:00,-0.0032
IBM,2022-10-19 16:00:00-04:00,0.006999999999999999
IBM,2022-07-18 16:00:00-04:00,0.009000000000000001
IBM,2022-04-19 16:00:00-04:00,-0.0146
IBM,2022-01-24 16:00:00-05:00,0.0191
IBM,2021-10-20 16:00:00-04:00,0.0021
IBM,2021-07-19 16:00:00-04:00,0.0182
IBM,2021-04-19 16:00:00-04:00,0.0712
IBM,2021-01-21 16:00:00-05:00,0.1038
IBM,2020-10-19 16:00:00-04:00,0.0004
IBM,2020-07-20 16:00:00-04:00,0.0455
INTC,2026-04-23 16:00:00-04:00,21.086799999999997
INTC,2026-01-22 16:00:00-05:00,-0.2761
INTC,2025-10-23 16:00:00-04:00,31.2129
INTC,2025-07-24 16:00:00-04:00,-12.806400000000002
INTC,2025-04-24 16:00:00-04:00,27.6976
INTC,2025-01-30 16:00:00-05:00,0.08710000000000001
INTC,2024-10-31 16:00:00-04:00,-15.3352
INTC,2024-08-01 12:00:00-04:00,-0.8018000000000001
INTC,2024-04-25 16:00:00-04:00,0.31739999999999996
INTC,2024-01-25 16:00:00-05:00,0.2029
INTC,2023-10-26 16:00:00-04:00,0.8704000000000001
INTC,2023-07-27 16:00:00-04:00,5.4643
INTC,2023-04-27 16:00:00-04:00,0.7219
INTC,2023-01-26 16:00:00-05:00,-0.5047999999999999
INTC,2022-10-27 16:00:00-04:00,0.8004000000000001
INTC,2022-07-28 16:00:00-04:00,-0.5829
INTC,2022-04-28 16:00:00-04:00,0.0916
INTC,2022-01-26 16:00:00-05:00,0.1978
INTC,2021-10-21 16:00:00-04:00,0.5361
INTC,2021-07-22 16:00:00-04:00,0.1928
INTC,2021-04-22 16:00:00-04:00,0.21710000000000002
INTC,2021-01-21 16:00:00-05:00,0.3691
INTC,2020-10-22 16:00:00-04:00,0.0023
INTC,2020-07-23 16:00:00-04:00,0.1061
CSCO,2026-02-11 16:00:00-05:00,0.0175
CSCO,2025-11-12 16:00:00-05:00,0.0182
CSCO,2025-08-13 16:00:00-04:00,0.013000000000000001
CSCO,2025-05-14 16:00:00-04:00,0.0464
CSCO,2025-02-12 16:00:00-05:00,0.0341
CSCO,2024-11-13 16:00:00-05:00,0.5145000000000001
CSCO,2024-08-14 16:00:00-04:00,0.024900000000000002
CSCO,2024-05-15 16:00:00-04:00,0.0771
CSCO,2024-02-14 16:00:00-05:00,0.039599999999999996
CSCO,2023-11-15 16:00:00-05:00,0.0771
CSCO,2023-08-16 16:00:00-04:00,0.0768
CSCO,2023-05-17 16:00:00-04:00,0.0325
CSCO,2023-02-15 16:00:00-05:00,0.028399999999999998
CSCO,2022-11-16 16:00:00-05:00,0.0285
CSCO,2022-08-17 16:00:00-04:00,0.010700000000000001
CSCO,2022-05-18 16:00:00-04:00,0.009300000000000001
CSCO,2022-02-16 16:00:00-05:00,0.0378
CSCO,2021-11-17 16:00:00-05:00,0.0192
CSCO,2021-08-18 16:00:00-04:00,0.0146
CSCO,2021-05-19 16:00:00-04:00,0.0111
CSCO,2021-02-09 16:00:00-05:00,0.0461
CSCO,2020-11-12 16:00:00-05:00,0.08039999999999999
CSCO,2020-08-12 16:00:00-04:00,0.0842
CSCO,2020-05-13 16:00:00-04:00,0.12029999999999999
ORCL,2026-03-10 16:00:00-04:00,0.0336
ORCL,2025-12-10 16:00:00-05:00,0.3804
ORCL,2025-09-09 16:00:00-04:00,-0.0062
ORCL,2025-06-11 16:00:00-04:00,0.0337
ORCL,2025-03-10 16:00:00-04:00,-0.040999999999999995
ORCL,2024-12-09 16:00:00-05:00,-0.0077
ORCL,2024-09-09 16:00:00-04:00,0.0429
ORCL,2024-06-11 16:00:00-04:00,-0.011399999999999999
ORCL,2024-03-11 16:00:00-04:00,0.024700000000000003
ORCL,2023-12-11 16:00:00-05:00,0.0095
ORCL,2023-09-11 16:00:00-04:00,0.0346
ORCL,2023-06-12 16:00:00-04:00,0.0556
ORCL,2023-03-09 16:00:00-05:00,0.0144
ORCL,2022-12-12 16:00:00-05:00,0.0315
ORCL,2022-09-12 16:00:00-04:00,-0.042199999999999994
ORCL,2022-06-13 16:00:00-04:00,0.1195
ORCL,2022-03-10 16:00:00-05:00,-0.04019999999999999
ORCL,2021-12-09 16:00:00-05:00,0.08529999999999999
ORCL,2021-09-13 16:00:00-04:00,0.064
ORCL,2021-06-15 16:00:00-04:00,0.1562
ORCL,2021-03-10 16:00:00-05:00,0.0454
ORCL,2020-12-10 16:00:00-05:00,0.0613
ORCL,2020-09-10 16:00:00-04:00,0.07769999999999999
ORCL,2020-06-16 16:00:00-04:00,0.0416
TXN,2026-04-22 16:00:00-04:00,0.2441
TXN,2026-01-27 16:00:00-05:00,0.0246
TXN,2025-10-21 16:00:00-04:00,0.0581
TXN,2025-07-22 16:00:00-04:00,0.032
TXN,2025-04-23 16:00:00-04:00,0.16760000000000003
TXN,2025-01-23 16:00:00-05:00,0.055099999999999996
TXN,2024-10-22 16:00:00-04:00,0.0708
TXN,2024-07-23 16:00:00-04:00,-0.0148
TXN,2024-04-23 16:00:00-04:00,0.1313
TXN,2024-01-23 16:00:00-05:00,-0.021
TXN,2023-10-24 16:00:00-04:00,0.0033
TXN,2023-07-25 16:00:00-04:00,0.060599999999999994
TXN,2023-04-25 16:00:00-04:00,0.025099999999999997
TXN,2023-01-24 16:00:00-05:00,0.07919999999999999
TXN,2022-10-25 16:00:00-04:00,0.0558
TXN,2022-07-26 16:00:00-04:00,0.1726
TXN,2022-04-26 16:00:00-04:00,0.10439999999999999
TXN,2022-01-25 16:00:00-05:00,0.1679
TXN,2021-10-26 16:00:00-04:00,0.013600000000000001
TXN,2021-07-21 16:00:00-04:00,0.11789999999999999
TXN,2021-04-27 16:00:00-04:00,0.1867
TXN,2021-01-26 16:00:00-05:00,0.3801
TXN,2020-10-20 16:00:00-04:00,0.1641
TXN,2020-07-21 16:00:00-04:00,0.7115
QCOM,2026-04-29 16:00:00-04:00,0.0358
QCOM,2026-02-04 16:00:00-05:00,0.010700000000000001
QCOM,2025-11-05 16:00:00-05:00,0.0432
QCOM,2025-07-30 16:00:00-04:00,0.020499999999999997
QCOM,2025-04-30 16:00:00-04:00,0.011899999999999999
QCOM,2025-02-05 16:00:00-05:00,0.142
QCOM,2024-11-06 16:00:00-05:00,0.047400000000000005
QCOM,2024-07-31 16:00:00-04:00,0.0332
QCOM,2024-05-01 16:00:00-04:00,0.053099999999999994
QCOM,2024-01-31 16:00:00-05:00,0.161
QCOM,2023-11-01 16:00:00-04:00,0.0593
QCOM,2023-08-02 16:00:00-04:00,0.0335
QCOM,2023-05-03 16:00:00-04:00,-0.0024
QCOM,2023-02-02 16:00:00-05:00,0.0072
QCOM,2022-11-02 16:00:00-04:00,-0.0013
QCOM,2022-07-27 16:00:00-04:00,0.0313
QCOM,2022-04-27 12:00:00-04:00,0.1008
QCOM,2022-02-02 16:00:00-05:00,0.0759
QCOM,2021-11-03 16:00:00-04:00,0.1282
QCOM,2021-07-28 16:00:00-04:00,0.1411
QCOM,2021-04-28 02:00:00-04:00,0.1409
QCOM,2021-02-03 16:00:00-05:00,0.0327
QCOM,2020-11-04 16:00:00-05:00,0.22829999999999998
QCOM,2020-07-29 16:00:00-04:00,0.20559999999999998
LIN,2026-05-01 01:00:00-04:00,0.013999999999999999
LIN,2026-02-05 06:00:00-05:00,0.0054
LIN,2025-10-31 06:00:00-04:00,0.0075
LIN,2025-08-01 06:00:00-04:00,0.013600000000000001
LIN,2025-05-01 07:00:00-04:00,0.0067
LIN,2025-02-06 06:00:00-05:00,0.0118
LIN,2024-10-31 10:00:00-04:00,0.0088
LIN,2024-08-02 05:00:00-04:00,0.0169
LIN,2024-05-02 06:00:00-04:00,0.0215
LIN,2024-02-06 06:00:00-05:00,0.026699999999999998
LIN,2023-10-26 06:00:00-04:00,0.016200000000000003
LIN,2023-07-27 06:00:00-04:00,0.023700000000000002
LIN,2023-04-27 13:00:00-04:00,0.0907
LIN,2023-02-07 08:00:00-05:00,0.09369999999999999
LIN,2022-10-27 06:00:00-04:00,0.0571
LIN,2022-07-28 05:00:00-04:00,0.0464
LIN,2022-04-28 07:00:00-04:00,0.0591
LIN,2022-02-10 05:00:00-05:00,0.037200000000000004
LIN,2021-10-29 11:00:00-04:00,0.026600000000000002
LIN,2021-07-30 13:00:00-04:00,0.0658
LIN,2021-05-06 05:00:00-04:00,0.1036
LIN,2021-02-05 05:00:00-05:00,0.0682
LIN,2020-11-05 14:00:00-05:00,0.10279999999999999
LIN,2020-07-31 09:00:00-04:00,0.1536
APD,2026-04-30 06:00:00-04:00,0.0454
APD,2026-01-30 06:00:00-05:00,0.0393
APD,2025-11-06 06:00:00-05:00,-0.9941
APD,2025-07-31 06:00:00-04:00,0.0323
APD,2025-05-01 06:00:00-04:00,-0.048600000000000004
APD,2025-02-06 06:00:00-05:00,0.0067
APD,2024-11-07 06:00:00-05:00,0.024900000000000002
APD,2024-08-01 06:00:00-04:00,0.053
APD,2024-04-30 06:00:00-04:00,0.0548
APD,2024-02-05 06:00:00-05:00,-0.061399999999999996
APD,2023-11-07 06:00:00-05:00,0.011699999999999999
APD,2023-08-03 06:00:00-04:00,0.022400000000000003
APD,2023-05-09 06:00:00-04:00,0.0311
APD,2023-02-02 06:00:00-05:00,-0.0225
APD,2022-11-03 06:00:00-04:00,0.0464
APD,2022-08-04 06:00:00-04:00,0.0043
APD,2022-05-05 06:00:00-04:00,0.0027
APD,2022-02-04 06:00:00-05:00,0.0097
APD,2021-11-04 06:00:00-04:00,0.0097
APD,2021-08-09 06:00:00-04:00,-0.0277
APD,2021-05-10 06:00:00-04:00,-0.016399999999999998
APD,2021-02-04 06:00:00-05:00,-0.0348
APD,2020-11-11 06:00:00-05:00,-0.006999999999999999
APD,2020-07-23 06:00:00-04:00,0.0163
NEM,2026-04-23 16:00:00-04:00,0.3345
NEM,2026-02-19 16:00:00-05:00,-0.4347
NEM,2025-10-23 16:00:00-04:00,0.1884
NEM,2025-07-24 16:00:00-04:00,0.22899999999999998
NEM,2025-04-23 16:00:00-04:00,0.37079999999999996
NEM,2025-02-20 16:00:00-05:00,0.3575
NEM,2024-10-23 16:00:00-04:00,-0.053200000000000004
NEM,2024-07-24 16:00:00-04:00,0.1782
NEM,2024-04-25 07:00:00-04:00,0.5063
NEM,2024-02-22 07:00:00-05:00,0.135
NEM,2023-10-26 07:00:00-04:00,-0.10880000000000001
NEM,2023-07-20 07:00:00-04:00,-0.2693
NEM,2023-04-27 07:00:00-04:00,0.249
NEM,2023-02-23 07:00:00-05:00,-0.0168
NEM,2022-11-01 07:00:00-04:00,-0.1968
NEM,2022-07-25 07:00:00-04:00,-0.2434
NEM,2022-04-22 07:00:00-04:00,-0.045
NEM,2022-02-24 07:00:00-05:00,0.0182
NEM,2021-10-28 07:00:00-04:00,-0.17370000000000002
NEM,2021-07-22 07:00:00-04:00,0.0782
NEM,2021-04-29 07:00:00-04:00,-0.0559
NEM,2021-02-18 07:00:00-05:00,0.12369999999999999
NEM,2020-10-29 07:00:00-04:00,0.0387
NEM,2020-07-30 06:00:00-04:00,0.0331
FCX,2026-04-23 08:00:00-04:00,0.2195
FCX,2026-01-22 08:00:00-05:00,0.46659999999999996
FCX,2025-10-23 08:00:00-04:00,0.1112
FCX,2025-07-23 08:00:00-04:00,0.2181
FCX,2025-04-24 08:00:00-04:00,0.045899999999999996
FCX,2025-01-23 08:00:00-05:00,0.43229999999999996
FCX,2024-10-22 08:00:00-04:00,0.0276
FCX,2024-07-23 08:00:00-04:00,0.21309999999999998
FCX,2024-04-23 08:00:00-04:00,0.1293
FCX,2024-01-24 08:00:00-05:00,0.1707
FCX,2023-10-19 08:00:00-04:00,0.1514
FCX,2023-07-20 08:00:00-04:00,-0.0144
FCX,2023-04-21 08:00:00-04:00,0.1624
FCX,2023-01-25 08:00:00-05:00,0.0986
FCX,2022-10-20 08:00:00-04:00,-0.0398
FCX,2022-07-21 08:00:00-04:00,-0.1134
FCX,2022-04-21 08:00:00-04:00,0.1606
FCX,2022-01-26 08:00:00-05:00,0.0215
FCX,2021-10-21 07:00:00-04:00,0.0993
FCX,2021-07-22 08:00:00-04:00,0.022000000000000002
FCX,2021-04-22 08:00:00-04:00,-0.0038
FCX,2021-01-26 08:00:00-05:00,-0.0139
FCX,2020-10-22 08:00:00-04:00,0.3657
FCX,2020-07-23 07:00:00-04:00,2.1732
